state,name,pop_2019
Alabama,Autauga County,55380
Alabama,Baldwin County,212830
Alabama,Barbour County,25361
Alabama,Bibb County,22493
Alabama,Blount County,57681
Alabama,Bullock County,10248
Alabama,Butler County,19828
Alabama,Calhoun County,114618
Alabama,Chambers County,33660
Alabama,Cherokee County,25903
Alabama,Chilton County,44055
Alabama,Choctaw County,12925
Alabama,Clarke County,24128
Alabama,Clay County,13337
Alabama,Cleburne County,14916
Alabama,Coffee County,51662
Alabama,Colbert County,54771
Alabama,Conecuh County,12394
Alabama,Coosa County,10757
Alabama,Covington County,37200
Alabama,Crenshaw County,13844
Alabama,Cullman County,82853
Alabama,Dale County,49277
Alabama,Dallas County,39149
Alabama,DeKalb County,71310
Alabama,Elmore County,81144
Alabama,Escambia County,37057
Alabama,Etowah County,102748
Alabama,Fayette County,16494
Alabama,Franklin County,31466
Alabama,Geneva County,26417
Alabama,Greene County,8324
Alabama,Hale County,14809
Alabama,Henry County,17133
Alabama,Houston County,104702
Alabama,Jackson County,51852
Alabama,Jefferson County,659680
Alabama,Lamar County,13885
Alabama,Lauderdale County,92556
Alabama,Lawrence County,33058
Alabama,Lee County,161152
Alabama,Limestone County,94727
Alabama,Lowndes County,10079
Alabama,Macon County,18708
Alabama,Madison County,362276
Alabama,Marengo County,19321
Alabama,Marion County,29866
Alabama,Marshall County,95643
Alabama,Mobile County,414114
Alabama,Monroe County,21270
Alabama,Montgomery County,226941
Alabama,Morgan County,119213
Alabama,Perry County,9293
Alabama,Pickens County,20243
Alabama,Pike County,33333
Alabama,Randolph County,22647
Alabama,Russell County,57952
Alabama,St. Clair County,87989
Alabama,Shelby County,213432
Alabama,Sumter County,12797
Alabama,Talladega County,80387
Alabama,Tallapoosa County,40541
Alabama,Tuscaloosa County,207305
Alabama,Walker County,64110
Alabama,Washington County,16541
Alabama,Wilcox County,10681
Alabama,Winston County,23784
Alaska,Aleutians East Borough,3385
Alaska,Aleutians West Census Area,5698
Alaska,Anchorage Municipality,293531
Alaska,Bethel Census Area,18134
Alaska,Bristol Bay Borough,875
Alaska,Denali Borough,2246
Alaska,Dillingham Census Area,4961
Alaska,Fairbanks North Star Borough,99072
Alaska,Haines Borough,2518
Alaska,Hoonah Angoon Census Area,2139
Alaska,Juneau City and Borough,32227
Alaska,Kenai Peninsula Borough,58464
Alaska,Ketchikan Gateway Borough,13800
Alaska,Kodiak Island Borough,13451
Alaska,Kusilvak Census Area,8250
Alaska,Lake and Peninsula Borough,1393
Alaska,Matanuska-Susitna Borough,105369
Alaska,Nome Census Area,9988
Alaska,North Slope Borough,9792
Alaska,Northwest Arctic Borough,7715
Alaska,Petersburg Borough,3257
Alaska,Prince of Wales-Hyder Census Area,6407
Alaska,Sitka City and Borough,8640
Alaska,Skagway,1107
Alaska,Southeast Fairbanks Census Area,6878
Alaska,Valdez-Cordova Census Area,9243
Alaska,Wrangell,2502
Alaska,Yakutat City and Borough,649
Alaska,Yukon-Koyukuk Census Area,5377
Arizona,Apache County,71511
Arizona,Cochise County,125867
Arizona,Coconino County,141274
Arizona,Gila County,53546
Arizona,Graham County,37996
Arizona,Greenlee County,9522
Arizona,La Paz County,20793
Arizona,Maricopa County,4328810
Arizona,Mohave County,207695
Arizona,Navajo County,109270
Arizona,Pima County,1027207
Arizona,Pinal County,432793
Arizona,Santa Cruz County,46480
Arizona,Yavapai County,228067
Arizona,Yuma County,209468
Arkansas,Arkansas County,17914
Arkansas,Ashley County,20270
Arkansas,Baxter County,41427
Arkansas,Benton County,265759
Arkansas,Boone County,37331
Arkansas,Bradley County,10874
Arkansas,Calhoun County,5192
Arkansas,Carroll County,27965
Arkansas,Chicot County,10615
Arkansas,Clark County,22386
Arkansas,Clay County,14889
Arkansas,Cleburne County,25100
Arkansas,Cleveland County,8128
Arkansas,Columbia County,23776
Arkansas,Conway County,20858
Arkansas,Craighead County,107345
Arkansas,Crawford County,62739
Arkansas,Crittenden County,48672
Arkansas,Cross County,16824
Arkansas,Dallas County,7279
Arkansas,Desha County,11709
Arkansas,Drew County,18417
Arkansas,Faulkner County,123624
Arkansas,Franklin County,17738
Arkansas,Fulton County,12231
Arkansas,Garland County,98555
Arkansas,Grant County,18126
Arkansas,Greene County,44937
Arkansas,Hempstead County,21842
Arkansas,Hot Spring County,33597
Arkansas,Howard County,13311
Arkansas,Independence County,37427
Arkansas,Izard County,13570
Arkansas,Jackson County,17027
Arkansas,Jefferson County,69282
Arkansas,Johnson County,26372
Arkansas,Lafayette County,6800
Arkansas,Lawrence County,16549
Arkansas,Lee County,9194
Arkansas,Lincoln County,13455
Arkansas,Little River County,12347
Arkansas,Logan County,21668
Arkansas,Lonoke County,72528
Arkansas,Madison County,16211
Arkansas,Marion County,16476
Arkansas,Miller County,43572
Arkansas,Mississippi County,42126
Arkansas,Monroe County,7050
Arkansas,Montgomery County,8950
Arkansas,Nevada County,8351
Arkansas,Newton County,7812
Arkansas,Ouachita County,23830
Arkansas,Perry County,10355
Arkansas,Phillips County,18606
Arkansas,Pike County,10756
Arkansas,Poinsett County,23896
Arkansas,Polk County,20094
Arkansas,Pope County,63761
Arkansas,Prairie County,8189
Arkansas,Pulaski County,392967
Arkansas,Randolph County,17695
Arkansas,St. Francis County,25900
Arkansas,Saline County,119415
Arkansas,Scott County,10376
Arkansas,Searcy County,7908
Arkansas,Sebastian County,127591
Arkansas,Sevier County,17081
Arkansas,Sharp County,17139
Arkansas,Stone County,12475
Arkansas,Union County,39449
Arkansas,Van Buren County,16642
Arkansas,Washington County,232289
Arkansas,White County,78762
Arkansas,Woodruff County,6533
Arkansas,Yell County,21464
California,Alameda County,1656754
California,Alpine County,1039
California,Amador County,38429
California,Butte County,225817
California,Calaveras County,45514
California,Colusa County,21454
California,Contra Costa County,1142251
California,Del Norte County,27495
California,El Dorado County,188563
California,Fresno County,984521
California,Glenn County,27976
California,Humboldt County,135940
California,Imperial County,180701
California,Inyo County,17977
California,Kern County,887641
California,Kings County,150691
California,Lake County,64195
California,Lassen County,30818
California,Los Angeles County,10081570
California,Madera County,155433
California,Marin County,259943
California,Mariposa County,17420
California,Mendocino County,87224
California,Merced County,271382
California,Modoc County,8907
California,Mono County,14310
California,Monterey County,433410
California,Napa County,139623
California,Nevada County,99244
California,Orange County,3168044
California,Placer County,385512
California,Plumas County,18660
California,Riverside County,2411439
California,Sacramento County,1524553
California,San Benito County,60376
California,San Bernardino County,2149031
California,San Diego County,3316073
California,San Francisco County,874961
California,San Joaquin County,742603
California,San Luis Obispo County,282165
California,San Mateo County,767423
California,Santa Barbara County,444829
California,Santa Clara County,1927470
California,Santa Cruz County,273962
California,Shasta County,179212
California,Sierra County,3040
California,Siskiyou County,43468
California,Solano County,441829
California,Sonoma County,499772
California,Stanislaus County,543194
California,Sutter County,96109
California,Tehama County,63912
California,Trinity County,12700
California,Tulare County,461898
California,Tuolumne County,54045
California,Ventura County,847263
California,Yolo County,217352
California,Yuba County,76360
Colorado,Adams County,504108
Colorado,Alamosa County,16107
Colorado,Arapahoe County,644560
Colorado,Archuleta County,13253
Colorado,Baca County,3561
Colorado,Bent County,5787
Colorado,Boulder County,322510
Colorado,Broomfield County,67886
Colorado,Chaffee County,19557
Colorado,Cheyenne County,2026
Colorado,Clear Creek County,9495
Colorado,Conejos County,8128
Colorado,Costilla County,3745
Colorado,Crowley County,5754
Colorado,Custer County,4776
Colorado,Delta County,30565
Colorado,Denver County,705576
Colorado,Dolores County,1857
Colorado,Douglas County,336041
Colorado,Eagle County,54681
Colorado,Elbert County,25717
Colorado,El Paso County,698974
Colorado,Fremont County,47321
Colorado,Garfield County,59055
Colorado,Gilpin County,6018
Colorado,Grand County,15303
Colorado,Gunnison County,16802
Colorado,Hinsdale County,857
Colorado,Huerfano County,6679
Colorado,Jackson County,1261
Colorado,Jefferson County,574798
Colorado,Kiowa County,1489
Colorado,Kit Carson County,7447
Colorado,Lake County,7751
Colorado,La Plata County,55617
Colorado,Larimer County,344786
Colorado,Las Animas County,14266
Colorado,Lincoln County,5585
Colorado,Logan County,22380
Colorado,Mesa County,151218
Colorado,Mineral County,824
Colorado,Moffat County,13127
Colorado,Montezuma County,26031
Colorado,Montrose County,41686
Colorado,Morgan County,28517
Colorado,Otero County,18282
Colorado,Ouray County,4796
Colorado,Park County,17867
Colorado,Phillips County,4290
Colorado,Pitkin County,17926
Colorado,Prowers County,12022
Colorado,Pueblo County,165982
Colorado,Rio Blanco County,6384
Colorado,Rio Grande County,11305
Colorado,Routt County,25072
Colorado,Saguache County,6592
Colorado,San Juan County,589
Colorado,San Miguel County,8049
Colorado,Sedgwick County,2322
Colorado,Summit County,30649
Colorado,Teller County,24524
Colorado,Washington County,4868
Colorado,Weld County,305345
Colorado,Yuma County,10003
Connecticut,Fairfield County,943926
Connecticut,Hartford County,893561
Connecticut,Litchfield County,182002
Connecticut,Middlesex County,163053
Connecticut,New Haven County,857513
Connecticut,New London County,267390
Connecticut,Tolland County,151063
Connecticut,Windham County,116566
Delaware,Kent County,176699
Delaware,New Castle County,556165
Delaware,Sussex County,224384
District of Columbia,District of Columbia,692683
Florida,Alachua County,265443
Florida,Baker County,28211
Florida,Bay County,182161
Florida,Bradford County,27317
Florida,Brevard County,585507
Florida,Broward County,1926205
Florida,Calhoun County,14362
Florida,Charlotte County,181067
Florida,Citrus County,145169
Florida,Clay County,211405
Florida,Collier County,371453
Florida,Columbia County,69968
Florida,DeSoto County,36903
Florida,Dixie County,16589
Florida,Duval County,936186
Florida,Escambia County,313491
Florida,Flagler County,109801
Florida,Franklin County,11811
Florida,Gadsden County,45945
Florida,Gilchrist County,17953
Florida,Glades County,13516
Florida,Gulf County,15576
Florida,Hamilton County,14326
Florida,Hardee County,27131
Florida,Hendry County,40732
Florida,Hernando County,186313
Florida,Highlands County,103437
Florida,Hillsborough County,1422278
Florida,Holmes County,19432
Florida,Indian River County,153989
Florida,Jackson County,47945
Florida,Jefferson County,14161
Florida,Lafayette County,8637
Florida,Lake County,345867
Florida,Lee County,737468
Florida,Leon County,289770
Florida,Levy County,40403
Florida,Liberty County,8345
Florida,Madison County,18460
Florida,Manatee County,384213
Florida,Marion County,353526
Florida,Martin County,159065
Florida,Miami-Dade County,2699428
Florida,Monroe County,75798
Florida,Nassau County,83098
Florida,Okaloosa County,203794
Florida,Okeechobee County,41144
Florida,Orange County,1349746
Florida,Osceola County,351955
Florida,Palm Beach County,1465027
Florida,Pasco County,524602
Florida,Pinellas County,964666
Florida,Polk County,686218
Florida,Putnam County,73252
Florida,St. Johns County,244674
Florida,St. Lucie County,312947
Florida,Santa Rosa County,174755
Florida,Sarasota County,419496
Florida,Seminole County,461402
Florida,Sumter County,125044
Florida,Suwannee County,44046
Florida,Taylor County,21870
Florida,Union County,15303
Florida,Volusia County,536487
Florida,Wakulla County,32321
Florida,Walton County,68262
Florida,Washington County,24764
Georgia,Appling County,18440
Georgia,Atkinson County,8239
Georgia,Bacon County,11201
Georgia,Baker County,3132
Georgia,Baldwin County,45111
Georgia,Banks County,18708
Georgia,Barrow County,78991
Georgia,Bartow County,104919
Georgia,Ben Hill County,17033
Georgia,Berrien County,19152
Georgia,Bibb County,153200
Georgia,Bleckley County,12807
Georgia,Brantley County,18756
Georgia,Brooks County,15590
Georgia,Bryan County,37063
Georgia,Bulloch County,76120
Georgia,Burke County,22520
Georgia,Butts County,24090
Georgia,Calhoun County,6365
Georgia,Camden County,53231
Georgia,Candler County,10812
Georgia,Carroll County,117183
Georgia,Catoosa County,66700
Georgia,Charlton County,13040
Georgia,Chatham County,288496
Georgia,Chattahoochee County,10560
Georgia,Chattooga County,24812
Georgia,Cherokee County,247515
Georgia,Clarke County,126176
Georgia,Clay County,2951
Georgia,Clayton County,283538
Georgia,Clinch County,6686
Georgia,Cobb County,751218
Georgia,Coffee County,43021
Georgia,Colquitt County,45486
Georgia,Columbia County,150705
Georgia,Cook County,17177
Georgia,Coweta County,143260
Georgia,Crawford County,12325
Georgia,Crisp County,22713
Georgia,Dade County,16197
Georgia,Dawson County,24536
Georgia,Decatur County,26682
Georgia,DeKalb County,749323
Georgia,Dodge County,20829
Georgia,Dooly County,13736
Georgia,Dougherty County,89703
Georgia,Douglas County,143316
Georgia,Early County,10312
Georgia,Echols County,3981
Georgia,Effingham County,60477
Georgia,Elbert County,19166
Georgia,Emanuel County,22533
Georgia,Evans County,10687
Georgia,Fannin County,25395
Georgia,Fayette County,112303
Georgia,Floyd County,97369
Georgia,Forsyth County,228383
Georgia,Franklin County,22766
Georgia,Fulton County,1036200
Georgia,Gilmer County,30414
Georgia,Glascock County,2996
Georgia,Glynn County,84470
Georgia,Gordon County,57202
Georgia,Grady County,24828
Georgia,Greene County,17349
Georgia,Gwinnett County,915046
Georgia,Habersham County,44626
Georgia,Hall County,198667
Georgia,Hancock County,8515
Georgia,Haralson County,29227
Georgia,Harris County,34105
Georgia,Hart County,25773
Georgia,Heard County,11736
Georgia,Henry County,225356
Georgia,Houston County,153507
Georgia,Irwin County,9320
Georgia,Jackson County,67885
Georgia,Jasper County,13916
Georgia,Jeff Davis County,15036
Georgia,Jefferson County,15618
Georgia,Jenkins County,8793
Georgia,Johnson County,9691
Georgia,Jones County,28579
Georgia,Lamar County,18672
Georgia,Lanier County,10380
Georgia,Laurens County,47405
Georgia,Lee County,29502
Georgia,Liberty County,61349
Georgia,Lincoln County,7856
Georgia,Long County,18692
Georgia,Lowndes County,115364
Georgia,Lumpkin County,32402
Georgia,McDuffie County,21455
Georgia,McIntosh County,14174
Georgia,Macon County,13305
Georgia,Madison County,29218
Georgia,Marion County,8432
Georgia,Meriwether County,21106
Georgia,Miller County,5787
Georgia,Mitchell County,22244
Georgia,Monroe County,27171
Georgia,Montgomery County,9058
Georgia,Morgan County,18507
Georgia,Murray County,39724
Georgia,Muscogee County,195739
Georgia,Newton County,108079
Georgia,Oconee County,38132
Georgia,Oglethorpe County,14931
Georgia,Paulding County,159825
Georgia,Peach County,27145
Georgia,Pickens County,31387
Georgia,Pierce County,19250
Georgia,Pike County,18327
Georgia,Polk County,41908
Georgia,Pulaski County,11216
Georgia,Putnam County,21691
Georgia,Quitman County,2289
Georgia,Rabun County,16645
Georgia,Randolph County,6973
Georgia,Richmond County,201852
Georgia,Rockdale County,89717
Georgia,Schley County,5221
Georgia,Screven County,13989
Georgia,Seminole County,8321
Georgia,Spalding County,65306
Georgia,Stephens County,25750
Georgia,Stewart County,6293
Georgia,Sumter County,30064
Georgia,Talbot County,6321
Georgia,Taliaferro County,1611
Georgia,Tattnall County,25382
Georgia,Taylor County,8116
Georgia,Telfair County,16035
Georgia,Terrell County,8737
Georgia,Thomas County,44630
Georgia,Tift County,40541
Georgia,Toombs County,26972
Georgia,Towns County,11617
Georgia,Treutlen County,6795
Georgia,Troup County,69919
Georgia,Turner County,7943
Georgia,Twiggs County,8229
Georgia,Union County,23288
Georgia,Upson County,26236
Georgia,Walker County,69039
Georgia,Walton County,91442
Georgia,Ware County,35593
Georgia,Warren County,5297
Georgia,Washington County,20436
Georgia,Wayne County,29788
Georgia,Webster County,2610
Georgia,Wheeler County,7928
Georgia,White County,29489
Georgia,Whitfield County,104237
Georgia,Wilcox County,8824
Georgia,Wilkes County,9844
Georgia,Wilkinson County,9010
Georgia,Worth County,20494
Hawaii,Hawaii County,199459
Hawaii,Honolulu County,984821
Hawaii,Kalawao County,66
Hawaii,Kauai County,71769
Hawaii,Maui County,165979
Idaho,Ada County,456849
Idaho,Adams County,4097
Idaho,Bannock County,85765
Idaho,Bear Lake County,6000
Idaho,Benewah County,9138
Idaho,Bingham County,45839
Idaho,Blaine County,22373
Idaho,Boise County,7378
Idaho,Bonner County,43611
Idaho,Bonneville County,114392
Idaho,Boundary County,11845
Idaho,Butte County,2581
Idaho,Camas County,1048
Idaho,Canyon County,217633
Idaho,Caribou County,6953
Idaho,Cassia County,23690
Idaho,Clark County,913
Idaho,Clearwater County,8673
Idaho,Custer County,4169
Idaho,Elmore County,26743
Idaho,Franklin County,13464
Idaho,Fremont County,13020
Idaho,Gem County,17331
Idaho,Gooding County,15148
Idaho,Idaho County,16411
Idaho,Jefferson County,28534
Idaho,Jerome County,23730
Idaho,Kootenai County,157322
Idaho,Latah County,39505
Idaho,Lemhi County,7847
Idaho,Lewis County,3838
Idaho,Lincoln County,5350
Idaho,Madison County,39100
Idaho,Minidoka County,20705
Idaho,Nez Perce County,40217
Idaho,Oneida County,4385
Idaho,Owyhee County,11552
Idaho,Payette County,23260
Idaho,Power County,7671
Idaho,Shoshone County,12609
Idaho,Teton County,11426
Idaho,Twin Falls County,84869
Idaho,Valley County,10709
Idaho,Washington County,10057
Illinois,Adams County,66085
Illinois,Alexander County,6260
Illinois,Bond County,16589
Illinois,Boone County,53537
Illinois,Brown County,6628
Illinois,Bureau County,33122
Illinois,Calhoun County,4830
Illinois,Carroll County,14466
Illinois,Cass County,12493
Illinois,Champaign County,209922
Illinois,Christian County,32931
Illinois,Clark County,15716
Illinois,Clay County,13287
Illinois,Clinton County,37634
Illinois,Coles County,51353
Illinois,Cook County,5198275
Illinois,Crawford County,18972
Illinois,Cumberland County,10836
Illinois,DeKalb County,104366
Illinois,De Witt County,15932
Illinois,Douglas County,19623
Illinois,DuPage County,929060
Illinois,Edgar County,17407
Illinois,Edwards County,6455
Illinois,Effingham County,34137
Illinois,Fayette County,21565
Illinois,Ford County,13270
Illinois,Franklin County,38923
Illinois,Fulton County,35092
Illinois,Gallatin County,5064
Illinois,Greene County,13132
Illinois,Grundy County,50666
Illinois,Hamilton County,8176
Illinois,Hancock County,17983
Illinois,Hardin County,3939
Illinois,Henderson County,6809
Illinois,Henry County,49267
Illinois,Iroquois County,27812
Illinois,Jackson County,57977
Illinois,Jasper County,9594
Illinois,Jefferson County,37985
Illinois,Jersey County,21937
Illinois,Jo Daviess County,21588
Illinois,Johnson County,12494
Illinois,Kane County,531376
Illinois,Kankakee County,110637
Illinois,Kendall County,126054
Illinois,Knox County,50508
Illinois,Lake County,701473
Illinois,LaSalle County,109737
Illinois,Lawrence County,16033
Illinois,Lee County,34389
Illinois,Livingston County,36040
Illinois,Logan County,29003
Illinois,McDonough County,30479
Illinois,McHenry County,307714
Illinois,McLean County,172578
Illinois,Macon County,105528
Illinois,Macoupin County,45463
Illinois,Madison County,264776
Illinois,Marion County,37743
Illinois,Marshall County,11679
Illinois,Mason County,13621
Illinois,Massac County,14219
Illinois,Menard County,12306
Illinois,Mercer County,15589
Illinois,Monroe County,34168
Illinois,Montgomery County,28828
Illinois,Morgan County,34247
Illinois,Moultrie County,14641
Illinois,Ogle County,51025
Illinois,Peoria County,182770
Illinois,Perry County,21251
Illinois,Piatt County,16401
Illinois,Pike County,15672
Illinois,Pope County,4203
Illinois,Pulaski County,5510
Illinois,Putnam County,5721
Illinois,Randolph County,32295
Illinois,Richland County,15766
Illinois,Rock Island County,143873
Illinois,St. Clair County,262338
Illinois,Saline County,23994
Illinois,Sangamon County,196861
Illinois,Schuyler County,6953
Illinois,Scott County,5005
Illinois,Shelby County,21737
Illinois,Stark County,5447
Illinois,Stephenson County,45093
Illinois,Tazewell County,133195
Illinois,Union County,16968
Illinois,Vermilion County,77563
Illinois,Wabash County,11546
Illinois,Warren County,17146
Illinois,Washington County,14058
Illinois,Wayne County,16402
Illinois,White County,13868
Illinois,Whiteside County,56016
Illinois,Will County,689315
Illinois,Williamson County,67102
Illinois,Winnebago County,284819
Illinois,Woodford County,38700
Indiana,Adams County,35376
Indiana,Allen County,372575
Indiana,Bartholomew County,82481
Indiana,Benton County,8677
Indiana,Blackford County,12013
Indiana,Boone County,65544
Indiana,Brown County,15064
Indiana,Carroll County,20074
Indiana,Cass County,37880
Indiana,Clark County,116507
Indiana,Clay County,26234
Indiana,Clinton County,32273
Indiana,Crawford County,10569
Indiana,Daviess County,33120
Indiana,Dearborn County,49479
Indiana,Decatur County,26562
Indiana,DeKalb County,42927
Indiana,Delaware County,115020
Indiana,Dubois County,42543
Indiana,Elkhart County,204558
Indiana,Fayette County,23194
Indiana,Floyd County,77320
Indiana,Fountain County,16430
Indiana,Franklin County,22774
Indiana,Fulton County,20096
Indiana,Gibson County,33656
Indiana,Grant County,66452
Indiana,Greene County,32159
Indiana,Hamilton County,323117
Indiana,Hancock County,75164
Indiana,Harrison County,39940
Indiana,Hendricks County,163799
Indiana,Henry County,48255
Indiana,Howard County,82331
Indiana,Huntington County,36359
Indiana,Jackson County,44025
Indiana,Jasper County,33447
Indiana,Jay County,20840
Indiana,Jefferson County,32201
Indiana,Jennings County,27710
Indiana,Johnson County,153716
Indiana,Knox County,37065
Indiana,Kosciusko County,79035
Indiana,LaGrange County,39193
Indiana,Lake County,485707
Indiana,LaPorte County,110154
Indiana,Lawrence County,45548
Indiana,Madison County,129455
Indiana,Marion County,951869
Indiana,Marshall County,46461
Indiana,Martin County,10212
Indiana,Miami County,35815
Indiana,Monroe County,146461
Indiana,Montgomery County,38287
Indiana,Morgan County,69922
Indiana,Newton County,13992
Indiana,Noble County,47506
Indiana,Ohio County,5874
Indiana,Orange County,19545
Indiana,Owen County,20835
Indiana,Parke County,16946
Indiana,Perry County,19102
Indiana,Pike County,12378
Indiana,Porter County,168636
Indiana,Posey County,25560
Indiana,Pulaski County,12559
Indiana,Putnam County,37384
Indiana,Randolph County,24926
Indiana,Ripley County,28391
Indiana,Rush County,16641
Indiana,St. Joseph County,270216
Indiana,Scott County,23759
Indiana,Shelby County,44438
Indiana,Spencer County,20447
Indiana,Starke County,22952
Indiana,Steuben County,34453
Indiana,Sullivan County,20730
Indiana,Switzerland County,10685
Indiana,Tippecanoe County,191553
Indiana,Tipton County,15162
Indiana,Union County,7113
Indiana,Vanderburgh County,181291
Indiana,Vermillion County,15539
Indiana,Vigo County,107459
Indiana,Wabash County,31389
Indiana,Warren County,8237
Indiana,Warrick County,62280
Indiana,Washington County,27848
Indiana,Wayne County,66342
Indiana,Wells County,28011
Indiana,White County,24149
Indiana,Whitley County,33730
Iowa,Adair County,7085
Iowa,Adams County,3670
Iowa,Allamakee County,13813
Iowa,Appanoose County,12452
Iowa,Audubon County,5571
Iowa,Benton County,25636
Iowa,Black Hawk County,132393
Iowa,Boone County,26370
Iowa,Bremer County,24864
Iowa,Buchanan County,21118
Iowa,Buena Vista County,20058
Iowa,Butler County,14628
Iowa,Calhoun County,9744
Iowa,Carroll County,20281
Iowa,Cass County,13091
Iowa,Cedar County,18457
Iowa,Cerro Gordo County,42834
Iowa,Cherokee County,11343
Iowa,Chickasaw County,12026
Iowa,Clarke County,9360
Iowa,Clay County,16211
Iowa,Clayton County,17625
Iowa,Clinton County,46909
Iowa,Crawford County,17034
Iowa,Dallas County,87099
Iowa,Davis County,8920
Iowa,Decatur County,7979
Iowa,Delaware County,17183
Iowa,Des Moines County,39386
Iowa,Dickinson County,17127
Iowa,Dubuque County,96982
Iowa,Emmet County,9438
Iowa,Fayette County,19803
Iowa,Floyd County,15786
Iowa,Franklin County,10162
Iowa,Fremont County,6946
Iowa,Greene County,8950
Iowa,Grundy County,12299
Iowa,Guthrie County,10669
Iowa,Hamilton County,14997
Iowa,Hancock County,10802
Iowa,Hardin County,17061
Iowa,Harrison County,14089
Iowa,Henry County,19941
Iowa,Howard County,9226
Iowa,Humboldt County,9554
Iowa,Ida County,6901
Iowa,Iowa County,16189
Iowa,Jackson County,19401
Iowa,Jasper County,36971
Iowa,Jefferson County,18148
Iowa,Johnson County,148577
Iowa,Jones County,20559
Iowa,Keokuk County,10188
Iowa,Kossuth County,14978
Iowa,Lee County,34227
Iowa,Linn County,223861
Iowa,Louisa County,11178
Iowa,Lucas County,8583
Iowa,Lyon County,11776
Iowa,Madison County,16012
Iowa,Mahaska County,22164
Iowa,Marion County,33172
Iowa,Marshall County,39964
Iowa,Mills County,15034
Iowa,Mitchell County,10608
Iowa,Monona County,8730
Iowa,Monroe County,7807
Iowa,Montgomery County,10053
Iowa,Muscatine County,42889
Iowa,O'Brien County,13835
Iowa,Osceola County,6052
Iowa,Page County,15268
Iowa,Palo Alto County,9003
Iowa,Plymouth County,25068
Iowa,Pocahontas County,6797
Iowa,Polk County,479612
Iowa,Pottawattamie County,93393
Iowa,Poweshiek County,18388
Iowa,Ringgold County,4964
Iowa,Sac County,9802
Iowa,Scott County,172446
Iowa,Shelby County,11606
Iowa,Sioux County,34827
Iowa,Story County,96941
Iowa,Tama County,17032
Iowa,Taylor County,6167
Iowa,Union County,12358
Iowa,Van Buren County,7150
Iowa,Wapello County,35141
Iowa,Warren County,50076
Iowa,Washington County,22100
Iowa,Wayne County,6429
Iowa,Webster County,36545
Iowa,Winnebago County,10534
Iowa,Winneshiek County,20262
Iowa,Woodbury County,102586
Iowa,Worth County,7445
Iowa,Wright County,12739
Kansas,Allen County,12556
Kansas,Anderson County,7835
Kansas,Atchison County,16268
Kansas,Barber County,4624
Kansas,Barton County,26453
Kansas,Bourbon County,14608
Kansas,Brown County,9626
Kansas,Butler County,66698
Kansas,Chase County,2637
Kansas,Chautauqua County,3323
Kansas,Cherokee County,20179
Kansas,Cheyenne County,2665
Kansas,Clark County,2026
Kansas,Clay County,8082
Kansas,Cloud County,8938
Kansas,Coffey County,8254
Kansas,Comanche County,1740
Kansas,Cowley County,35351
Kansas,Crawford County,38968
Kansas,Decatur County,2860
Kansas,Dickinson County,18828
Kansas,Doniphan County,7684
Kansas,Douglas County,120290
Kansas,Edwards County,2869
Kansas,Elk County,2523
Kansas,Ellis County,28775
Kansas,Ellsworth County,6231
Kansas,Finney County,36750
Kansas,Ford County,34179
Kansas,Franklin County,25558
Kansas,Geary County,34025
Kansas,Gove County,2644
Kansas,Graham County,2519
Kansas,Grant County,7467
Kansas,Gray County,6039
Kansas,Greeley County,1185
Kansas,Greenwood County,6081
Kansas,Hamilton County,2591
Kansas,Harper County,5594
Kansas,Harvey County,34503
Kansas,Haskell County,4018
Kansas,Hodgeman County,1876
Kansas,Jackson County,13266
Kansas,Jefferson County,18890
Kansas,Jewell County,2885
Kansas,Johnson County,591506
Kansas,Kearny County,3907
Kansas,Kingman County,7340
Kansas,Kiowa County,2505
Kansas,Labette County,20119
Kansas,Lane County,1564
Kansas,Leavenworth County,80745
Kansas,Lincoln County,3044
Kansas,Linn County,9671
Kansas,Logan County,2805
Kansas,Lyon County,33251
Kansas,McPherson County,28567
Kansas,Marion County,11964
Kansas,Marshall County,9749
Kansas,Meade County,4180
Kansas,Miami County,33417
Kansas,Mitchell County,6145
Kansas,Montgomery County,32521
Kansas,Morris County,5566
Kansas,Morton County,2754
Kansas,Nemaha County,10121
Kansas,Neosho County,16108
Kansas,Ness County,2876
Kansas,Norton County,5446
Kansas,Osage County,15881
Kansas,Osborne County,3530
Kansas,Ottawa County,5822
Kansas,Pawnee County,6629
Kansas,Phillips County,5340
Kansas,Pottawatomie County,23847
Kansas,Pratt County,9452
Kansas,Rawlins County,2502
Kansas,Reno County,62765
Kansas,Republic County,4658
Kansas,Rice County,9658
Kansas,Riley County,75056
Kansas,Rooks County,5053
Kansas,Rush County,3022
Kansas,Russell County,6948
Kansas,Saline County,54701
Kansas,Scott County,4917
Kansas,Sedgwick County,513375
Kansas,Seward County,22349
Kansas,Shawnee County,177852
Kansas,Sheridan County,2506
Kansas,Sherman County,5938
Kansas,Smith County,3627
Kansas,Stafford County,4181
Kansas,Stanton County,2052
Kansas,Stevens County,5603
Kansas,Sumner County,23114
Kansas,Thomas County,7810
Kansas,Trego County,2840
Kansas,Wabaunsee County,6889
Kansas,Wallace County,1574
Kansas,Washington County,5493
Kansas,Wichita County,2130
Kansas,Wilson County,8688
Kansas,Woodson County,3157
Kansas,Wyandotte County,164861
Kentucky,Adair County,19222
Kentucky,Allen County,20944
Kentucky,Anderson County,22409
Kentucky,Ballard County,8032
Kentucky,Barren County,43884
Kentucky,Bath County,12355
Kentucky,Bell County,26791
Kentucky,Boone County,130820
Kentucky,Bourbon County,20058
Kentucky,Boyd County,47682
Kentucky,Boyle County,29972
Kentucky,Bracken County,8305
Kentucky,Breathitt County,12977
Kentucky,Breckinridge County,20176
Kentucky,Bullitt County,80171
Kentucky,Butler County,12764
Kentucky,Caldwell County,12702
Kentucky,Calloway County,38837
Kentucky,Campbell County,92861
Kentucky,Carlisle County,4784
Kentucky,Carroll County,10671
Kentucky,Carter County,27159
Kentucky,Casey County,15885
Kentucky,Christian County,71414
Kentucky,Clark County,35971
Kentucky,Clay County,20368
Kentucky,Clinton County,10193
Kentucky,Crittenden County,9000
Kentucky,Cumberland County,6697
Kentucky,Daviess County,100474
Kentucky,Edmonson County,12138
Kentucky,Elliott County,7510
Kentucky,Estill County,14224
Kentucky,Fayette County,320601
Kentucky,Fleming County,14513
Kentucky,Floyd County,36456
Kentucky,Franklin County,50529
Kentucky,Fulton County,6130
Kentucky,Gallatin County,8737
Kentucky,Garrard County,17445
Kentucky,Grant County,24951
Kentucky,Graves County,37248
Kentucky,Grayson County,26247
Kentucky,Green County,10979
Kentucky,Greenup County,35555
Kentucky,Hancock County,8720
Kentucky,Hardin County,108527
Kentucky,Harlan County,26699
Kentucky,Harrison County,18722
Kentucky,Hart County,18729
Kentucky,Henderson County,45829
Kentucky,Henry County,15911
Kentucky,Hickman County,4510
Kentucky,Hopkins County,45331
Kentucky,Jackson County,13369
Kentucky,Jefferson County,767419
Kentucky,Jessamine County,53032
Kentucky,Johnson County,22634
Kentucky,Kenton County,165668
Kentucky,Knott County,15260
Kentucky,Knox County,31365
Kentucky,Larue County,14204
Kentucky,Laurel County,60357
Kentucky,Lawrence County,15671
Kentucky,Lee County,6881
Kentucky,Leslie County,10283
Kentucky,Letcher County,22295
Kentucky,Lewis County,13417
Kentucky,Lincoln County,24476
Kentucky,Livingston County,9235
Kentucky,Logan County,26902
Kentucky,Lyon County,8271
Kentucky,McCracken County,65268
Kentucky,McCreary County,17465
Kentucky,McLean County,9283
Kentucky,Madison County,90802
Kentucky,Magoffin County,12491
Kentucky,Marion County,19244
Kentucky,Marshall County,31192
Kentucky,Martin County,11648
Kentucky,Mason County,17112
Kentucky,Meade County,28182
Kentucky,Menifee County,6443
Kentucky,Mercer County,21592
Kentucky,Metcalfe County,10036
Kentucky,Monroe County,10627
Kentucky,Montgomery County,27884
Kentucky,Morgan County,13288
Kentucky,Muhlenberg County,30951
Kentucky,Nelson County,45650
Kentucky,Nicholas County,7153
Kentucky,Ohio County,24071
Kentucky,Oldham County,65967
Kentucky,Owen County,10796
Kentucky,Owsley County,4442
Kentucky,Pendleton County,14572
Kentucky,Perry County,26624
Kentucky,Pike County,59497
Kentucky,Powell County,12304
Kentucky,Pulaski County,64350
Kentucky,Robertson County,2123
Kentucky,Rockcastle County,16820
Kentucky,Rowan County,24507
Kentucky,Russell County,17778
Kentucky,Scott County,54667
Kentucky,Shelby County,47325
Kentucky,Simpson County,18183
Kentucky,Spencer County,18680
Kentucky,Taylor County,25571
Kentucky,Todd County,12316
Kentucky,Trigg County,14449
Kentucky,Trimble County,8558
Kentucky,Union County,14638
Kentucky,Warren County,128652
Kentucky,Washington County,12023
Kentucky,Wayne County,20546
Kentucky,Webster County,13068
Kentucky,Whitley County,36131
Kentucky,Wolfe County,7207
Kentucky,Woodford County,26318
Louisiana,Acadia Parish,62457
Louisiana,Allen Parish,25618
Louisiana,Ascension Parish,123114
Louisiana,Assumption Parish,22478
Louisiana,Avoyelles Parish,40669
Louisiana,Beauregard Parish,37043
Louisiana,Bienville Parish,13564
Louisiana,Bossier Parish,126499
Louisiana,Caddo Parish,245831
Louisiana,Calcasieu Parish,201619
Louisiana,Caldwell Parish,9992
Louisiana,Cameron Parish,6930
Louisiana,Catahoula Parish,9766
Louisiana,Claiborne Parish,15985
Louisiana,Concordia Parish,19778
Louisiana,De Soto Parish,27289
Louisiana,East Baton Rouge Parish,443763
Louisiana,East Carroll Parish,7096
Louisiana,East Feliciana Parish,19371
Louisiana,Evangeline Parish,33589
Louisiana,Franklin Parish,20238
Louisiana,Grant Parish,22340
Louisiana,Iberia Parish,71887
Louisiana,Iberville Parish,32822
Louisiana,Jackson Parish,15879
Louisiana,Jefferson Parish,434850
Louisiana,Jefferson Davis Parish,31441
Louisiana,Lafayette Parish,241973
Louisiana,Lafourche Parish,98108
Louisiana,LaSalle Parish,14936
Louisiana,Lincoln Parish,47246
Louisiana,Livingston Parish,138928
Louisiana,Madison Parish,11306
Louisiana,Morehouse Parish,25610
Louisiana,Natchitoches Parish,38769
Louisiana,Orleans Parish,390845
Louisiana,Ouachita Parish,155494
Louisiana,Plaquemines Parish,23338
Louisiana,Pointe Coupee Parish,22016
Louisiana,Rapides Parish,130970
Louisiana,Red River Parish,8565
Louisiana,Richland Parish,20350
Louisiana,Sabine Parish,23991
Louisiana,St. Bernard Parish,46266
Louisiana,St. Charles Parish,52773
Louisiana,St. Helena Parish,10297
Louisiana,St. James Parish,21308
Louisiana,St. John the Baptist Parish,43242
Louisiana,St. Landry Parish,83172
Louisiana,St. Martin Parish,53732
Louisiana,St. Mary Parish,50968
Louisiana,St. Tammany Parish,255155
Louisiana,Tangipahoa Parish,132057
Louisiana,Tensas Parish,4561
Louisiana,Terrebonne Parish,112054
Louisiana,Union Parish,22353
Louisiana,Vermilion Parish,59865
Louisiana,Vernon Parish,49646
Louisiana,Washington Parish,46435
Louisiana,Webster Parish,39242
Louisiana,West Baton Rouge Parish,26101
Louisiana,West Carroll Parish,11041
Louisiana,West Feliciana Parish,15428
Louisiana,Winn Parish,14313
Maine,Androscoggin County,107602
Maine,Aroostook County,67809
Maine,Cumberland County,292307
Maine,Franklin County,29982
Maine,Hancock County,54601
Maine,Kennebec County,121753
Maine,Knox County,39759
Maine,Lincoln County,34201
Maine,Oxford County,57550
Maine,Penobscot County,151774
Maine,Piscataquis County,16836
Maine,Sagadahoc County,35452
Maine,Somerset County,50520
Maine,Waldo County,39539
Maine,Washington County,31491
Maine,York County,204316
Maryland,Allegany County,71445
Maryland,Anne Arundel County,571275
Maryland,Baltimore County,828018
Maryland,Calvert County,91511
Maryland,Caroline County,33049
Maryland,Carroll County,167699
Maryland,Cecil County,102552
Maryland,Charles County,159428
Maryland,Dorchester County,32138
Maryland,Frederick County,251422
Maryland,Garrett County,29235
Maryland,Harford County,252222
Maryland,Howard County,318855
Maryland,Kent County,19536
Maryland,Montgomery County,1043530
Maryland,Prince George's County,908670
Maryland,Queen Anne's County,49632
Maryland,St. Mary's County,112290
Maryland,Somerset County,25729
Maryland,Talbot County,37167
Maryland,Washington County,150109
Maryland,Wicomico County,102539
Maryland,Worcester County,51765
Maryland,Baltimore city,609032
Massachusetts,Barnstable County,213496
Massachusetts,Berkshire County,126425
Massachusetts,Bristol County,561037
Massachusetts,Dukes County,17312
Massachusetts,Essex County,783676
Massachusetts,Franklin County,70577
Massachusetts,Hampden County,467871
Massachusetts,Hampshire County,161032
Massachusetts,Middlesex County,1600842
Massachusetts,Nantucket County,11168
Massachusetts,Norfolk County,700437
Massachusetts,Plymouth County,515303
Massachusetts,Suffolk County,796605
Massachusetts,Worcester County,824772
Michigan,Alcona County,10353
Michigan,Alger County,9151
Michigan,Allegan County,116143
Michigan,Alpena County,28520
Michigan,Antrim County,23206
Michigan,Arenac County,15070
Michigan,Baraga County,8421
Michigan,Barry County,60540
Michigan,Bay County,104104
Michigan,Benzie County,17615
Michigan,Berrien County,154133
Michigan,Branch County,43513
Michigan,Calhoun County,134212
Michigan,Cass County,51523
Michigan,Charlevoix County,26188
Michigan,Cheboygan County,25418
Michigan,Chippewa County,37629
Michigan,Clare County,30651
Michigan,Clinton County,78389
Michigan,Crawford County,13892
Michigan,Delta County,36026
Michigan,Dickinson County,25439
Michigan,Eaton County,109456
Michigan,Emmet County,33104
Michigan,Genesee County,407875
Michigan,Gladwin County,25279
Michigan,Gogebic County,15061
Michigan,Grand Traverse County,92181
Michigan,Gratiot County,40916
Michigan,Hillsdale County,45757
Michigan,Houghton County,36070
Michigan,Huron County,31349
Michigan,Ingham County,290587
Michigan,Ionia County,64300
Michigan,Iosco County,25197
Michigan,Iron County,11152
Michigan,Isabella County,70688
Michigan,Jackson County,158636
Michigan,Kalamazoo County,262745
Michigan,Kalkaska County,17585
Michigan,Kent County,648121
Michigan,Keweenaw County,2111
Michigan,Lake County,11852
Michigan,Lapeer County,88038
Michigan,Leelanau County,21652
Michigan,Lenawee County,98381
Michigan,Livingston County,189754
Michigan,Luce County,6338
Michigan,Mackinac County,10780
Michigan,Macomb County,870325
Michigan,Manistee County,24457
Michigan,Marquette County,66686
Michigan,Mason County,28954
Michigan,Mecosta County,43251
Michigan,Menominee County,23074
Michigan,Midland County,83355
Michigan,Missaukee County,15028
Michigan,Monroe County,149727
Michigan,Montcalm County,63413
Michigan,Montmorency County,9265
Michigan,Muskegon County,173297
Michigan,Newaygo County,48366
Michigan,Oakland County,1253185
Michigan,Oceana County,26416
Michigan,Ogemaw County,20898
Michigan,Ontonagon County,5877
Michigan,Osceola County,23290
Michigan,Oscoda County,8248
Michigan,Otsego County,24490
Michigan,Ottawa County,286558
Michigan,Presque Isle County,12714
Michigan,Roscommon County,23851
Michigan,Saginaw County,191821
Michigan,St. Clair County,159247
Michigan,St. Joseph County,60836
Michigan,Sanilac County,41295
Michigan,Schoolcraft County,8048
Michigan,Shiawassee County,68340
Michigan,Tuscola County,52939
Michigan,Van Buren County,75358
Michigan,Washtenaw County,367000
Michigan,Wayne County,1757299
Michigan,Wexford County,33256
Minnesota,Aitkin County,15834
Minnesota,Anoka County,350253
Minnesota,Becker County,34011
Minnesota,Beltrami County,46403
Minnesota,Benton County,40129
Minnesota,Big Stone County,4996
Minnesota,Blue Earth County,66795
Minnesota,Brown County,25163
Minnesota,Carlton County,35633
Minnesota,Carver County,101949
Minnesota,Cass County,29268
Minnesota,Chippewa County,11953
Minnesota,Chisago County,55315
Minnesota,Clay County,63446
Minnesota,Clearwater County,8821
Minnesota,Cook County,5376
Minnesota,Cottonwood County,11299
Minnesota,Crow Wing County,64217
Minnesota,Dakota County,421453
Minnesota,Dodge County,20669
Minnesota,Douglas County,37513
Minnesota,Faribault County,13801
Minnesota,Fillmore County,20949
Minnesota,Freeborn County,30463
Minnesota,Goodhue County,46246
Minnesota,Grant County,5935
Minnesota,Hennepin County,1245837
Minnesota,Houston County,18648
Minnesota,Hubbard County,21019
Minnesota,Isanti County,39430
Minnesota,Itasca County,45141
Minnesota,Jackson County,9954
Minnesota,Kanabec County,16089
Minnesota,Kandiyohi County,42841
Minnesota,Kittson County,4311
Minnesota,Koochiching County,12515
Minnesota,Lac qui Parle County,6719
Minnesota,Lake County,10560
Minnesota,Lake of the Woods County,3771
Minnesota,Le Sueur County,28242
Minnesota,Lincoln County,5677
Minnesota,Lyon County,25758
Minnesota,McLeod County,35832
Minnesota,Mahnomen County,5501
Minnesota,Marshall County,9372
Minnesota,Martin County,19852
Minnesota,Meeker County,23105
Minnesota,Mille Lacs County,25865
Minnesota,Morrison County,33064
Minnesota,Mower County,39807
Minnesota,Murray County,8296
Minnesota,Nicollet County,33954
Minnesota,Nobles County,21734
Minnesota,Norman County,6520
Minnesota,Olmsted County,154809
Minnesota,Otter Tail County,58195
Minnesota,Pennington County,14183
Minnesota,Pine County,29223
Minnesota,Pipestone County,9191
Minnesota,Polk County,31521
Minnesota,Pope County,11048
Minnesota,Ramsey County,544442
Minnesota,Red Lake County,4015
Minnesota,Redwood County,15261
Minnesota,Renville County,14652
Minnesota,Rice County,66185
Minnesota,Rock County,9402
Minnesota,Roseau County,15361
Minnesota,St. Louis County,199759
Minnesota,Scott County,145275
Minnesota,Sherburne County,94463
Minnesota,Sibley County,14892
Minnesota,Stearns County,158452
Minnesota,Steele County,36683
Minnesota,Stevens County,9789
Minnesota,Swift County,9359
Minnesota,Todd County,24494
Minnesota,Traverse County,3311
Minnesota,Wabasha County,21537
Minnesota,Wadena County,13654
Minnesota,Waseca County,18740
Minnesota,Washington County,255938
Minnesota,Watonwan County,10972
Minnesota,Wilkin County,6291
Minnesota,Winona County,50725
Minnesota,Wright County,134438
Minnesota,Yellow Medicine County,9814
Mississippi,Adams County,31266
Mississippi,Alcorn County,37090
Mississippi,Amite County,12412
Mississippi,Attala County,18437
Mississippi,Benton County,8232
Mississippi,Bolivar County,31848
Mississippi,Calhoun County,14499
Mississippi,Carroll County,10070
Mississippi,Chickasaw County,17193
Mississippi,Choctaw County,8277
Mississippi,Claiborne County,9089
Mississippi,Clarke County,15770
Mississippi,Clay County,19640
Mississippi,Coahoma County,23255
Mississippi,Copiah County,28501
Mississippi,Covington County,18978
Mississippi,DeSoto County,178975
Mississippi,Forrest County,75224
Mississippi,Franklin County,7733
Mississippi,George County,23917
Mississippi,Greene County,13645
Mississippi,Grenada County,21088
Mississippi,Hancock County,46961
Mississippi,Harrison County,204502
Mississippi,Hinds County,238797
Mississippi,Holmes County,17737
Mississippi,Humphreys County,8389
Mississippi,Issaquena County,1361
Mississippi,Itawamba County,23462
Mississippi,Jackson County,142376
Mississippi,Jasper County,16505
Mississippi,Jefferson County,7225
Mississippi,Jefferson Davis County,11339
Mississippi,Jones County,68352
Mississippi,Kemper County,9943
Mississippi,Lafayette County,53590
Mississippi,Lamar County,61969
Mississippi,Lauderdale County,76279
Mississippi,Lawrence County,12633
Mississippi,Leake County,22792
Mississippi,Lee County,85072
Mississippi,Leflore County,29222
Mississippi,Lincoln County,34320
Mississippi,Lowndes County,59150
Mississippi,Madison County,104562
Mississippi,Marion County,24990
Mississippi,Marshall County,35599
Mississippi,Monroe County,35673
Mississippi,Montgomery County,10068
Mississippi,Neshoba County,29332
Mississippi,Newton County,21360
Mississippi,Noxubee County,10700
Mississippi,Oktibbeha County,49512
Mississippi,Panola County,34190
Mississippi,Pearl River County,55219
Mississippi,Perry County,12006
Mississippi,Pike County,39532
Mississippi,Pontotoc County,31618
Mississippi,Prentiss County,25255
Mississippi,Quitman County,7187
Mississippi,Rankin County,152677
Mississippi,Scott County,28332
Mississippi,Sharkey County,4404
Mississippi,Simpson County,26888
Mississippi,Smith County,16009
Mississippi,Stone County,18276
Mississippi,Sunflower County,26168
Mississippi,Tallahatchie County,14158
Mississippi,Tate County,28404
Mississippi,Tippah County,22018
Mississippi,Tishomingo County,19441
Mississippi,Tunica County,9988
Mississippi,Union County,28507
Mississippi,Walthall County,14477
Mississippi,Warren County,46519
Mississippi,Washington County,46057
Mississippi,Wayne County,20373
Mississippi,Webster County,9768
Mississippi,Wilkinson County,8875
Mississippi,Winston County,18229
Mississippi,Yalobusha County,12367
Mississippi,Yazoo County,28565
Missouri,Adair County,25369
Missouri,Andrew County,17503
Missouri,Atchison County,5229
Missouri,Audrain County,25644
Missouri,Barry County,35530
Missouri,Barton County,11797
Missouri,Bates County,16296
Missouri,Benton County,19107
Missouri,Bollinger County,12225
Missouri,Boone County,177651
Missouri,Buchanan County,88460
Missouri,Butler County,42656
Missouri,Caldwell County,9039
Missouri,Callaway County,44889
Missouri,Camden County,45466
Missouri,Cape Girardeau County,78491
Missouri,Carroll County,8781
Missouri,Carter County,6147
Missouri,Cass County,103597
Missouri,Cedar County,14043
Missouri,Chariton County,7483
Missouri,Christian County,85658
Missouri,Clark County,6779
Missouri,Clay County,242516
Missouri,Clinton County,20500
Missouri,Cole County,76723
Missouri,Cooper County,17660
Missouri,Crawford County,24154
Missouri,Dade County,7578
Missouri,Dallas County,16617
Missouri,Daviess County,8295
Missouri,DeKalb County,12526
Missouri,Dent County,15545
Missouri,Douglas County,13306
Missouri,Dunklin County,30027
Missouri,Franklin County,103191
Missouri,Gasconade County,14711
Missouri,Gentry County,6616
Missouri,Greene County,289756
Missouri,Grundy County,9992
Missouri,Harrison County,8491
Missouri,Henry County,21735
Missouri,Hickory County,9404
Missouri,Holt County,4432
Missouri,Howard County,10058
Missouri,Howell County,40104
Missouri,Iron County,10164
Missouri,Jackson County,696216
Missouri,Jasper County,119920
Missouri,Jefferson County,223951
Missouri,Johnson County,53682
Missouri,Knox County,3947
Missouri,Laclede County,35531
Missouri,Lafayette County,32597
Missouri,Lawrence County,38204
Missouri,Lewis County,9955
Missouri,Lincoln County,56477
Missouri,Linn County,12113
Missouri,Livingston County,15126
Missouri,McDonald County,22782
Missouri,Macon County,15199
Missouri,Madison County,12179
Missouri,Maries County,8803
Missouri,Marion County,28608
Missouri,Mercer County,3644
Missouri,Miller County,25201
Missouri,Mississippi County,13574
Missouri,Moniteau County,16046
Missouri,Monroe County,8629
Missouri,Montgomery County,11487
Missouri,Morgan County,20271
Missouri,New Madrid County,17560
Missouri,Newton County,58180
Missouri,Nodaway County,22359
Missouri,Oregon County,10647
Missouri,Osage County,13615
Missouri,Ozark County,9207
Missouri,Pemiscot County,16663
Missouri,Perry County,19191
Missouri,Pettis County,42355
Missouri,Phelps County,44630
Missouri,Pike County,18455
Missouri,Platte County,100682
Missouri,Polk County,31748
Missouri,Pulaski County,52425
Missouri,Putnam County,4781
Missouri,Ralls County,10234
Missouri,Randolph County,24878
Missouri,Ray County,22875
Missouri,Reynolds County,6290
Missouri,Ripley County,13567
Missouri,St. Charles County,394290
Missouri,St. Clair County,9370
Missouri,Ste. Genevieve County,17848
Missouri,St. Francois County,66643
Missouri,St. Louis County,996919
Missouri,Saline County,22976
Missouri,Schuyler County,4555
Missouri,Scotland County,4902
Missouri,Scott County,38633
Missouri,Shannon County,8217
Missouri,Shelby County,6013
Missouri,Stoddard County,29377
Missouri,Stone County,31615
Missouri,Sullivan County,6247
Missouri,Taney County,55114
Missouri,Texas County,25604
Missouri,Vernon County,20595
Missouri,Warren County,34453
Missouri,Washington County,24860
Missouri,Wayne County,13195
Missouri,Webster County,38655
Missouri,Worth County,2027
Missouri,Wright County,18203
Missouri,St. Louis city,308174
Montana,Beaverhead County,9415
Montana,Big Horn County,13387
Montana,Blaine County,6719
Montana,Broadwater County,5945
Montana,Carbon County,10597
Montana,Carter County,1331
Montana,Cascade County,81625
Montana,Chouteau County,5732
Montana,Custer County,11729
Montana,Daniels County,1730
Montana,Dawson County,9017
Montana,Deer Lodge County,9106
Montana,Fallon County,2921
Montana,Fergus County,11221
Montana,Flathead County,99899
Montana,Gallatin County,108063
Montana,Garfield County,1036
Montana,Glacier County,13732
Montana,Golden Valley County,728
Montana,Granite County,3311
Montana,Hill County,16436
Montana,Jefferson County,11917
Montana,Judith Basin County,1954
Montana,Lake County,30013
Montana,Lewis and Clark County,67805
Montana,Liberty County,2351
Montana,Lincoln County,19537
Montana,McCone County,1790
Montana,Madison County,8302
Montana,Meagher County,1888
Montana,Mineral County,4251
Montana,Missoula County,117309
Montana,Musselshell County,4766
Montana,Park County,16352
Montana,Petroleum County,453
Montana,Phillips County,4077
Montana,Pondera County,5994
Montana,Powder River County,1607
Montana,Powell County,6854
Montana,Prairie County,1252
Montana,Ravalli County,42512
Montana,Richland County,11199
Montana,Roosevelt County,11175
Montana,Rosebud County,9152
Montana,Sanders County,11681
Montana,Sheridan County,3483
Montana,Silver Bow County,34770
Montana,Stillwater County,9466
Montana,Sweet Grass County,3670
Montana,Teton County,6086
Montana,Toole County,4892
Montana,Treasure County,668
Montana,Valley County,7471
Montana,Wheatland County,2142
Montana,Wibaux County,1122
Montana,Yellowstone County,159008
Nebraska,Adams County,31587
Nebraska,Antelope County,6341
Nebraska,Arthur County,427
Nebraska,Banner County,722
Nebraska,Blaine County,477
Nebraska,Boone County,5279
Nebraska,Box Butte County,10970
Nebraska,Boyd County,1937
Nebraska,Brown County,3015
Nebraska,Buffalo County,49209
Nebraska,Burt County,6510
Nebraska,Butler County,8029
Nebraska,Cass County,25888
Nebraska,Cedar County,8498
Nebraska,Chase County,3783
Nebraska,Cherry County,5779
Nebraska,Cheyenne County,9604
Nebraska,Clay County,6203
Nebraska,Colfax County,10714
Nebraska,Cuming County,8952
Nebraska,Custer County,10826
Nebraska,Dakota County,20173
Nebraska,Dawes County,8810
Nebraska,Dawson County,23733
Nebraska,Deuel County,1831
Nebraska,Dixon County,5719
Nebraska,Dodge County,36665
Nebraska,Douglas County,560617
Nebraska,Dundy County,1913
Nebraska,Fillmore County,5547
Nebraska,Franklin County,2987
Nebraska,Frontier County,2640
Nebraska,Furnas County,4747
Nebraska,Gage County,21594
Nebraska,Garden County,1864
Nebraska,Garfield County,2001
Nebraska,Gosper County,2013
Nebraska,Grant County,722
Nebraska,Greeley County,2382
Nebraska,Hall County,61265
Nebraska,Hamilton County,9215
Nebraska,Harlan County,3415
Nebraska,Hayes County,893
Nebraska,Hitchcock County,2815
Nebraska,Holt County,10177
Nebraska,Hooker County,693
Nebraska,Howard County,6417
Nebraska,Jefferson County,7144
Nebraska,Johnson County,5161
Nebraska,Kearney County,6529
Nebraska,Keith County,8068
Nebraska,Keya Paha County,760
Nebraska,Kimball County,3633
Nebraska,Knox County,8426
Nebraska,Lancaster County,313158
Nebraska,Lincoln County,35263
Nebraska,Logan County,927
Nebraska,Loup County,605
Nebraska,McPherson County,395
Nebraska,Madison County,35080
Nebraska,Merrick County,7798
Nebraska,Morrill County,4781
Nebraska,Nance County,3544
Nebraska,Nemaha County,6973
Nebraska,Nuckolls County,4244
Nebraska,Otoe County,15949
Nebraska,Pawnee County,2649
Nebraska,Perkins County,2901
Nebraska,Phelps County,9100
Nebraska,Pierce County,7144
Nebraska,Platte County,33174
Nebraska,Polk County,5225
Nebraska,Red Willow County,10768
Nebraska,Richardson County,7961
Nebraska,Rock County,1414
Nebraska,Saline County,14270
Nebraska,Sarpy County,181232
Nebraska,Saunders County,21165
Nebraska,Scotts Bluff County,36074
Nebraska,Seward County,17171
Nebraska,Sheridan County,5231
Nebraska,Sherman County,3033
Nebraska,Sioux County,1219
Nebraska,Stanton County,5957
Nebraska,Thayer County,5057
Nebraska,Thomas County,645
Nebraska,Thurston County,7181
Nebraska,Valley County,4206
Nebraska,Washington County,20361
Nebraska,Wayne County,9332
Nebraska,Webster County,3537
Nebraska,Wheeler County,783
Nebraska,York County,13745
Nevada,Churchill County,24259
Nevada,Clark County,2182004
Nevada,Douglas County,48132
Nevada,Elko County,52297
Nevada,Esmeralda County,969
Nevada,Eureka County,1859
Nevada,Humboldt County,16828
Nevada,Lander County,5643
Nevada,Lincoln County,5180
Nevada,Lyon County,54380
Nevada,Mineral County,4460
Nevada,Nye County,44380
Nevada,Pershing County,6615
Nevada,Storey County,3988
Nevada,Washoe County,456936
Nevada,White Pine County,9679
Nevada,Carson City,54773
New Hampshire,Belknap County,60887
New Hampshire,Carroll County,48138
New Hampshire,Cheshire County,76042
New Hampshire,Coos County,31741
New Hampshire,Grafton County,89777
New Hampshire,Hillsborough County,413035
New Hampshire,Merrimack County,149917
New Hampshire,Rockingham County,306359
New Hampshire,Strafford County,129124
New Hampshire,Sullivan County,43104
New Jersey,Atlantic County,266105
New Jersey,Bergen County,930390
New Jersey,Burlington County,445702
New Jersey,Camden County,506738
New Jersey,Cape May County,93086
New Jersey,Cumberland County,151906
New Jersey,Essex County,795404
New Jersey,Gloucester County,291165
New Jersey,Hudson County,670046
New Jersey,Hunterdon County,124823
New Jersey,Mercer County,367922
New Jersey,Middlesex County,825920
New Jersey,Monmouth County,621659
New Jersey,Morris County,493379
New Jersey,Ocean County,596415
New Jersey,Passaic County,503637
New Jersey,Salem County,62990
New Jersey,Somerset County,329838
New Jersey,Sussex County,141483
New Jersey,Union County,554033
New Jersey,Warren County,105862
New Mexico,Bernalillo County,677858
New Mexico,Catron County,3526
New Mexico,Chaves County,65144
New Mexico,Cibola County,26891
New Mexico,Colfax County,12168
New Mexico,Curry County,49732
New Mexico,De Baca County,2040
New Mexico,Dona Ana County,216069
New Mexico,Eddy County,57732
New Mexico,Grant County,27669
New Mexico,Guadalupe County,4353
New Mexico,Harding County,441
New Mexico,Hidalgo County,4297
New Mexico,Lea County,70277
New Mexico,Lincoln County,19461
New Mexico,Los Alamos County,18625
New Mexico,Luna County,24083
New Mexico,McKinley County,72438
New Mexico,Mora County,4536
New Mexico,Otero County,66137
New Mexico,Quay County,8326
New Mexico,Rio Arriba County,39159
New Mexico,Roosevelt County,18888
New Mexico,Sandoval County,142704
New Mexico,San Juan County,126515
New Mexico,San Miguel County,27738
New Mexico,Santa Fe County,149293
New Mexico,Sierra County,11031
New Mexico,Socorro County,16858
New Mexico,Taos County,32786
New Mexico,Torrance County,15519
New Mexico,Union County,4133
New Mexico,Valencia County,76027
New York,Albany County,306968
New York,Allegany County,46688
New York,Bronx County,1435068
New York,Broome County,193188
New York,Cattaraugus County,77121
New York,Cayuga County,77425
New York,Chautauqua County,128496
New York,Chemung County,84895
New York,Chenango County,47909
New York,Clinton County,80583
New York,Columbia County,60371
New York,Cortland County,47865
New York,Delaware County,44995
New York,Dutchess County,293754
New York,Erie County,919355
New York,Essex County,37459
New York,Franklin County,50477
New York,Fulton County,53646
New York,Genesee County,57808
New York,Greene County,47424
New York,Hamilton County,4515
New York,Herkimer County,62057
New York,Jefferson County,112842
New York,Kings County,2589974
New York,Lewis County,26572
New York,Livingston County,63591
New York,Madison County,71205
New York,Monroe County,743341
New York,Montgomery County,49302
New York,Nassau County,1356509
New York,New York County,1631993
New York,Niagara County,210820
New York,Oneida County,229959
New York,Onondaga County,462872
New York,Ontario County,109511
New York,Orange County,380085
New York,Orleans County,40904
New York,Oswego County,118339
New York,Otsego County,59972
New York,Putnam County,98787
New York,Queens County,2287388
New York,Rensselaer County,159185
New York,Richmond County,474893
New York,Rockland County,324422
New York,St. Lawrence County,108913
New York,Saratoga County,228502
New York,Schenectady County,154859
New York,Schoharie County,31222
New York,Schuyler County,17920
New York,Seneca County,34390
New York,Steuben County,96422
New York,Suffolk County,1483832
New York,Sullivan County,75116
New York,Tioga County,48686
New York,Tompkins County,102642
New York,Ulster County,178665
New York,Warren County,64276
New York,Washington County,61616
New York,Wayne County,90519
New York,Westchester County,968890
New York,Wyoming County,40305
New York,Yates County,25011
North Carolina,Alamance County,163324
North Carolina,Alexander County,37213
North Carolina,Alleghany County,11008
North Carolina,Anson County,24902
North Carolina,Ashe County,26863
North Carolina,Avery County,17506
North Carolina,Beaufort County,47168
North Carolina,Bertie County,19380
North Carolina,Bladen County,33407
North Carolina,Brunswick County,131815
North Carolina,Buncombe County,256886
North Carolina,Burke County,89968
North Carolina,Cabarrus County,206615
North Carolina,Caldwell County,81884
North Carolina,Camden County,10551
North Carolina,Carteret County,69070
North Carolina,Caswell County,22684
North Carolina,Catawba County,157613
North Carolina,Chatham County,71338
North Carolina,Cherokee County,27969
North Carolina,Chowan County,14097
North Carolina,Clay County,10946
North Carolina,Cleveland County,97282
North Carolina,Columbus County,56068
North Carolina,Craven County,102491
North Carolina,Cumberland County,332861
North Carolina,Currituck County,26363
North Carolina,Dare County,36222
North Carolina,Davidson County,165381
North Carolina,Davie County,42257
North Carolina,Duplin County,58967
North Carolina,Durham County,311848
North Carolina,Edgecombe County,52648
North Carolina,Forsyth County,375195
North Carolina,Franklin County,66362
North Carolina,Gaston County,219271
North Carolina,Gates County,11548
North Carolina,Graham County,8509
North Carolina,Granville County,59328
North Carolina,Greene County,21033
North Carolina,Guilford County,527868
North Carolina,Halifax County,51190
North Carolina,Harnett County,132283
North Carolina,Haywood County,61053
North Carolina,Henderson County,114913
North Carolina,Hertford County,24012
North Carolina,Hoke County,53957
North Carolina,Hyde County,5213
North Carolina,Iredell County,175538
North Carolina,Jackson County,42938
North Carolina,Johnston County,196870
North Carolina,Jones County,9594
North Carolina,Lee County,60481
North Carolina,Lenoir County,56756
North Carolina,Lincoln County,82919
North Carolina,McDowell County,45227
North Carolina,Macon County,34813
North Carolina,Madison County,21499
North Carolina,Martin County,22849
North Carolina,Mecklenburg County,1074475
North Carolina,Mitchell County,15004
North Carolina,Montgomery County,27252
North Carolina,Moore County,97294
North Carolina,Nash County,94030
North Carolina,New Hanover County,227938
North Carolina,Northampton County,19946
North Carolina,Onslow County,195069
North Carolina,Orange County,144836
North Carolina,Pamlico County,12701
North Carolina,Pasquotank County,39514
North Carolina,Pender County,60399
North Carolina,Perquimans County,13430
North Carolina,Person County,39345
North Carolina,Pitt County,178433
North Carolina,Polk County,20557
North Carolina,Randolph County,143118
North Carolina,Richmond County,44997
North Carolina,Robeson County,132596
North Carolina,Rockingham County,91077
North Carolina,Rowan County,140296
North Carolina,Rutherford County,66599
North Carolina,Sampson County,63385
North Carolina,Scotland County,35076
North Carolina,Stanly County,61588
North Carolina,Stokes County,45781
North Carolina,Surry County,71971
North Carolina,Swain County,14260
North Carolina,Transylvania County,33775
North Carolina,Tyrrell County,4095
North Carolina,Union County,231053
North Carolina,Vance County,44479
North Carolina,Wake County,1069079
North Carolina,Warren County,19898
North Carolina,Washington County,11922
North Carolina,Watauga County,54925
North Carolina,Wayne County,123603
North Carolina,Wilkes County,68469
North Carolina,Wilson County,81435
North Carolina,Yadkin County,37602
North Carolina,Yancey County,17760
North Dakota,Adams County,2311
North Dakota,Barnes County,10706
North Dakota,Benson County,6873
North Dakota,Billings County,922
North Dakota,Bottineau County,6502
North Dakota,Bowman County,3148
North Dakota,Burke County,2182
North Dakota,Burleigh County,94793
North Dakota,Cass County,176975
North Dakota,Cavalier County,3803
North Dakota,Dickey County,4938
North Dakota,Divide County,2335
North Dakota,Dunn County,4395
North Dakota,Eddy County,2301
North Dakota,Emmons County,3310
North Dakota,Foster County,3260
North Dakota,Golden Valley County,1845
North Dakota,Grand Forks County,70224
North Dakota,Grant County,2353
North Dakota,Griggs County,2409
North Dakota,Hettinger County,2547
North Dakota,Kidder County,2466
North Dakota,LaMoure County,4125
North Dakota,Logan County,1872
North Dakota,McHenry County,5878
North Dakota,McIntosh County,2597
North Dakota,McKenzie County,13334
North Dakota,McLean County,9584
North Dakota,Mercer County,8462
North Dakota,Morton County,30868
North Dakota,Mountrail County,10321
North Dakota,Nelson County,2894
North Dakota,Oliver County,1842
North Dakota,Pembina County,6947
North Dakota,Pierce County,4126
North Dakota,Ramsey County,11583
North Dakota,Ransom County,5314
North Dakota,Renville County,2442
North Dakota,Richland County,16254
North Dakota,Rolette County,14511
North Dakota,Sargent County,3872
North Dakota,Sheridan County,1409
North Dakota,Sioux County,4373
North Dakota,Slope County,742
North Dakota,Stark County,31081
North Dakota,Steele County,1744
North Dakota,Stutsman County,20965
North Dakota,Towner County,2224
North Dakota,Traill County,8008
North Dakota,Walsh County,10751
North Dakota,Ward County,68812
North Dakota,Wells County,3976
North Dakota,Williams County,35208
Ohio,Adams County,27776
Ohio,Allen County,103175
Ohio,Ashland County,53536
Ohio,Ashtabula County,97830
Ohio,Athens County,65917
Ohio,Auglaize County,45729
Ohio,Belmont County,68024
Ohio,Brown County,43572
Ohio,Butler County,380019
Ohio,Carroll County,27332
Ohio,Champaign County,38845
Ohio,Clark County,134726
Ohio,Clermont County,204275
Ohio,Clinton County,41957
Ohio,Columbiana County,103190
Ohio,Coshocton County,36585
Ohio,Crawford County,41821
Ohio,Cuyahoga County,1247451
Ohio,Darke County,51513
Ohio,Defiance County,38160
Ohio,Delaware County,201135
Ohio,Erie County,74780
Ohio,Fairfield County,154457
Ohio,Fayette County,28620
Ohio,Franklin County,1290360
Ohio,Fulton County,42253
Ohio,Gallia County,30088
Ohio,Geauga County,93843
Ohio,Greene County,166502
Ohio,Guernsey County,39111
Ohio,Hamilton County,813589
Ohio,Hancock County,75837
Ohio,Hardin County,31425
Ohio,Harrison County,15211
Ohio,Henry County,27208
Ohio,Highland County,43016
Ohio,Hocking County,28390
Ohio,Holmes County,43901
Ohio,Huron County,58339
Ohio,Jackson County,32450
Ohio,Jefferson County,66371
Ohio,Knox County,61481
Ohio,Lake County,229954
Ohio,Lawrence County,60184
Ohio,Licking County,173750
Ohio,Logan County,45316
Ohio,Lorain County,307670
Ohio,Lucas County,431102
Ohio,Madison County,44135
Ohio,Mahoning County,229961
Ohio,Marion County,65299
Ohio,Medina County,177980
Ohio,Meigs County,23078
Ohio,Mercer County,40884
Ohio,Miami County,105371
Ohio,Monroe County,13942
Ohio,Montgomery County,531670
Ohio,Morgan County,14640
Ohio,Morrow County,35043
Ohio,Muskingum County,86131
Ohio,Noble County,14416
Ohio,Ottawa County,40632
Ohio,Paulding County,18809
Ohio,Perry County,36022
Ohio,Pickaway County,57762
Ohio,Pike County,28000
Ohio,Portage County,162511
Ohio,Preble County,41093
Ohio,Putnam County,33911
Ohio,Richland County,121100
Ohio,Ross County,76948
Ohio,Sandusky County,59029
Ohio,Scioto County,76040
Ohio,Seneca County,55351
Ohio,Shelby County,48749
Ohio,Stark County,372404
Ohio,Summit County,541334
Ohio,Trumbull County,200367
Ohio,Tuscarawas County,92335
Ohio,Union County,56707
Ohio,Van Wert County,28261
Ohio,Vinton County,13083
Ohio,Warren County,229132
Ohio,Washington County,60426
Ohio,Wayne County,116099
Ohio,Williams County,36816
Ohio,Wood County,130150
Ohio,Wyandot County,22000
Oklahoma,Adair County,22220
Oklahoma,Alfalfa County,5847
Oklahoma,Atoka County,13823
Oklahoma,Beaver County,5377
Oklahoma,Beckham County,22268
Oklahoma,Blaine County,9556
Oklahoma,Bryan County,46457
Oklahoma,Caddo County,29242
Oklahoma,Canadian County,140455
Oklahoma,Carter County,48319
Oklahoma,Cherokee County,48664
Oklahoma,Choctaw County,14807
Oklahoma,Cimarron County,2174
Oklahoma,Cleveland County,279274
Oklahoma,Coal County,5581
Oklahoma,Comanche County,121762
Oklahoma,Cotton County,5858
Oklahoma,Craig County,14390
Oklahoma,Creek County,71427
Oklahoma,Custer County,29152
Oklahoma,Delaware County,42433
Oklahoma,Dewey County,4922
Oklahoma,Ellis County,4015
Oklahoma,Garfield County,61898
Oklahoma,Garvin County,27835
Oklahoma,Grady County,55071
Oklahoma,Grant County,4397
Oklahoma,Greer County,5861
Oklahoma,Harmon County,2710
Oklahoma,Harper County,3760
Oklahoma,Haskell County,12687
Oklahoma,Hughes County,13372
Oklahoma,Jackson County,25063
Oklahoma,Jefferson County,6158
Oklahoma,Johnston County,11064
Oklahoma,Kay County,44402
Oklahoma,Kingfisher County,15694
Oklahoma,Kiowa County,8886
Oklahoma,Latimer County,10348
Oklahoma,Le Flore County,50026
Oklahoma,Lincoln County,34895
Oklahoma,Logan County,46683
Oklahoma,Love County,10063
Oklahoma,McClain County,39247
Oklahoma,McCurtain County,33016
Oklahoma,McIntosh County,19725
Oklahoma,Major County,7692
Oklahoma,Marshall County,16505
Oklahoma,Mayes County,41044
Oklahoma,Murray County,13946
Oklahoma,Muskogee County,68736
Oklahoma,Noble County,11335
Oklahoma,Nowata County,10322
Oklahoma,Okfuskee County,12067
Oklahoma,Oklahoma County,787216
Oklahoma,Okmulgee County,38749
Oklahoma,Osage County,47226
Oklahoma,Ottawa County,31454
Oklahoma,Pawnee County,16412
Oklahoma,Payne County,81815
Oklahoma,Pittsburg County,44146
Oklahoma,Pontotoc County,38355
Oklahoma,Pottawatomie County,72154
Oklahoma,Pushmataha County,11128
Oklahoma,Roger Mills County,3667
Oklahoma,Rogers County,91353
Oklahoma,Seminole County,24832
Oklahoma,Sequoyah County,41709
Oklahoma,Stephens County,43647
Oklahoma,Texas County,20805
Oklahoma,Tillman County,7413
Oklahoma,Tulsa County,646419
Oklahoma,Wagoner County,78958
Oklahoma,Washington County,51886
Oklahoma,Washita County,11225
Oklahoma,Woods County,9043
Oklahoma,Woodward County,20727
Oregon,Baker County,16019
Oregon,Benton County,91107
Oregon,Clackamas County,410463
Oregon,Clatsop County,39102
Oregon,Columbia County,51375
Oregon,Coos County,63686
Oregon,Crook County,23011
Oregon,Curry County,22650
Oregon,Deschutes County,186251
Oregon,Douglas County,109114
Oregon,Gilliam County,1878
Oregon,Grant County,7189
Oregon,Harney County,7267
Oregon,Hood River County,23209
Oregon,Jackson County,216574
Oregon,Jefferson County,23607
Oregon,Josephine County,86251
Oregon,Klamath County,66921
Oregon,Lake County,7837
Oregon,Lane County,373340
Oregon,Lincoln County,48547
Oregon,Linn County,125048
Oregon,Malheur County,30412
Oregon,Marion County,339641
Oregon,Morrow County,11303
Oregon,Multnomah County,804606
Oregon,Polk County,83037
Oregon,Sherman County,1642
Oregon,Tillamook County,26389
Oregon,Umatilla County,77129
Oregon,Union County,26337
Oregon,Wallowa County,7004
Oregon,Wasco County,26130
Oregon,Washington County,589481
Oregon,Wheeler County,1415
Oregon,Yamhill County,104831
Pennsylvania,Adams County,102470
Pennsylvania,Allegheny County,1221744
Pennsylvania,Armstrong County,65867
Pennsylvania,Beaver County,165833
Pennsylvania,Bedford County,48337
Pennsylvania,Berks County,418025
Pennsylvania,Blair County,123157
Pennsylvania,Bradford County,60963
Pennsylvania,Bucks County,626806
Pennsylvania,Butler County,186899
Pennsylvania,Cambria County,133009
Pennsylvania,Cameron County,4611
Pennsylvania,Carbon County,63887
Pennsylvania,Centre County,161960
Pennsylvania,Chester County,519560
Pennsylvania,Clarion County,38715
Pennsylvania,Clearfield County,79908
Pennsylvania,Clinton County,38915
Pennsylvania,Columbia County,65715
Pennsylvania,Crawford County,85665
Pennsylvania,Cumberland County,249328
Pennsylvania,Dauphin County,275632
Pennsylvania,Delaware County,564554
Pennsylvania,Elk County,30340
Pennsylvania,Erie County,273835
Pennsylvania,Fayette County,131302
Pennsylvania,Forest County,7313
Pennsylvania,Franklin County,154147
Pennsylvania,Fulton County,14506
Pennsylvania,Greene County,36870
Pennsylvania,Huntingdon County,45369
Pennsylvania,Indiana County,85032
Pennsylvania,Jefferson County,43846
Pennsylvania,Juniata County,24624
Pennsylvania,Lackawanna County,210652
Pennsylvania,Lancaster County,540999
Pennsylvania,Lawrence County,86727
Pennsylvania,Lebanon County,139729
Pennsylvania,Lehigh County,365052
Pennsylvania,Luzerne County,317663
Pennsylvania,Lycoming County,114330
Pennsylvania,McKean County,41401
Pennsylvania,Mercer County,111518
Pennsylvania,Mifflin County,46276
Pennsylvania,Monroe County,168032
Pennsylvania,Montgomery County,823823
Pennsylvania,Montour County,18259
Pennsylvania,Northampton County,302809
Pennsylvania,Northumberland County,91761
Pennsylvania,Perry County,46053
Pennsylvania,Philadelphia County,1579075
Pennsylvania,Pike County,55453
Pennsylvania,Potter County,16806
Pennsylvania,Schuylkill County,142674
Pennsylvania,Snyder County,40483
Pennsylvania,Somerset County,74361
Pennsylvania,Sullivan County,6135
Pennsylvania,Susquehanna County,40970
Pennsylvania,Tioga County,40944
Pennsylvania,Union County,45111
Pennsylvania,Venango County,51818
Pennsylvania,Warren County,39756
Pennsylvania,Washington County,207212
Pennsylvania,Wayne County,51422
Pennsylvania,Westmoreland County,352590
Pennsylvania,Wyoming County,27327
Pennsylvania,York County,445565
Rhode Island,Bristol County,48764
Rhode Island,Kent County,163869
Rhode Island,Newport County,82801
Rhode Island,Providence County,635737
Rhode Island,Washington County,126060
South Carolina,Abbeville County,24627
South Carolina,Aiken County,168301
South Carolina,Allendale County,9024
South Carolina,Anderson County,198064
South Carolina,Bamberg County,14376
South Carolina,Barnwell County,21346
South Carolina,Beaufort County,186095
South Carolina,Berkeley County,215044
South Carolina,Calhoun County,14663
South Carolina,Charleston County,401165
South Carolina,Cherokee County,56895
South Carolina,Chester County,32311
South Carolina,Chesterfield County,45953
South Carolina,Clarendon County,33957
South Carolina,Colleton County,37585
South Carolina,Darlington County,67027
South Carolina,Dillon County,30689
South Carolina,Dorchester County,158299
South Carolina,Edgefield County,26927
South Carolina,Fairfield County,22565
South Carolina,Florence County,138475
South Carolina,Georgetown County,61952
South Carolina,Greenville County,507003
South Carolina,Greenwood County,70411
South Carolina,Hampton County,19564
South Carolina,Horry County,332172
South Carolina,Jasper County,28657
South Carolina,Kershaw County,65112
South Carolina,Lancaster County,92308
South Carolina,Laurens County,66846
South Carolina,Lee County,17365
South Carolina,Lexington County,290278
South Carolina,McCormick County,9531
South Carolina,Marion County,31308
South Carolina,Marlboro County,26753
South Carolina,Newberry County,38194
South Carolina,Oconee County,77528
South Carolina,Orangeburg County,87687
South Carolina,Pickens County,124029
South Carolina,Richland County,411357
South Carolina,Saluda County,20303
South Carolina,Spartanburg County,307617
South Carolina,Sumter County,106757
South Carolina,Union County,27490
South Carolina,Williamsburg County,31324
South Carolina,York County,265872
South Dakota,Aurora County,2763
South Dakota,Beadle County,18346
South Dakota,Bennett County,3425
South Dakota,Bon Homme County,6929
South Dakota,Brookings County,34601
South Dakota,Brown County,38915
South Dakota,Brule County,5258
South Dakota,Buffalo County,2026
South Dakota,Butte County,10225
South Dakota,Campbell County,1485
South Dakota,Charles Mix County,9349
South Dakota,Clark County,3685
South Dakota,Clay County,13957
South Dakota,Codington County,28026
South Dakota,Corson County,4150
South Dakota,Custer County,8719
South Dakota,Davison County,19871
South Dakota,Day County,5486
South Dakota,Deuel County,4318
South Dakota,Dewey County,5833
South Dakota,Douglas County,2929
South Dakota,Edmunds County,3909
South Dakota,Fall River County,6747
South Dakota,Faulk County,2312
South Dakota,Grant County,7149
South Dakota,Gregory County,4186
South Dakota,Haakon County,2018
South Dakota,Hamlin County,6025
South Dakota,Hand County,3256
South Dakota,Hanson County,3399
South Dakota,Harding County,1306
South Dakota,Hughes County,17608
South Dakota,Hutchinson County,7308
South Dakota,Hyde County,1319
South Dakota,Jackson County,3290
South Dakota,Jerauld County,2018
South Dakota,Jones County,793
South Dakota,Kingsbury County,4944
South Dakota,Lake County,12717
South Dakota,Lawrence County,25478
South Dakota,Lincoln County,56826
South Dakota,Lyman County,3848
South Dakota,McCook County,5548
South Dakota,McPherson County,2297
South Dakota,Marshall County,4891
South Dakota,Meade County,27717
South Dakota,Mellette County,2052
South Dakota,Miner County,2211
South Dakota,Minnehaha County,188674
South Dakota,Moody County,6507
South Dakota,Oglala Lakota County,14335
South Dakota,Pennington County,110685
South Dakota,Perkins County,2897
South Dakota,Potter County,2315
South Dakota,Roberts County,10287
South Dakota,Sanborn County,2379
South Dakota,Spink County,6483
South Dakota,Stanley County,3017
South Dakota,Sully County,1305
South Dakota,Todd County,10195
South Dakota,Tripp County,5458
South Dakota,Turner County,8300
South Dakota,Union County,15368
South Dakota,Walworth County,5457
South Dakota,Yankton County,22717
South Dakota,Ziebach County,2791
Tennessee,Anderson County,76061
Tennessee,Bedford County,48292
Tennessee,Benton County,16140
Tennessee,Bledsoe County,14836
Tennessee,Blount County,129927
Tennessee,Bradley County,105749
Tennessee,Campbell County,39797
Tennessee,Cannon County,14178
Tennessee,Carroll County,27886
Tennessee,Carter County,56433
Tennessee,Cheatham County,40181
Tennessee,Chester County,17190
Tennessee,Claiborne County,31732
Tennessee,Clay County,7654
Tennessee,Cocke County,35552
Tennessee,Coffee County,55209
Tennessee,Crockett County,14399
Tennessee,Cumberland County,59216
Tennessee,Davidson County,687488
Tennessee,Decatur County,11686
Tennessee,DeKalb County,19847
Tennessee,Dickson County,52680
Tennessee,Dyer County,37416
Tennessee,Fayette County,40164
Tennessee,Fentress County,18213
Tennessee,Franklin County,41725
Tennessee,Gibson County,49228
Tennessee,Giles County,29285
Tennessee,Grainger County,23101
Tennessee,Greene County,68834
Tennessee,Grundy County,13344
Tennessee,Hamblen County,64132
Tennessee,Hamilton County,360919
Tennessee,Hancock County,6587
Tennessee,Hardeman County,25443
Tennessee,Hardin County,25715
Tennessee,Hawkins County,56611
Tennessee,Haywood County,17623
Tennessee,Henderson County,27977
Tennessee,Henry County,32284
Tennessee,Hickman County,24813
Tennessee,Houston County,8164
Tennessee,Humphreys County,18435
Tennessee,Jackson County,11682
Tennessee,Jefferson County,53679
Tennessee,Johnson County,17753
Tennessee,Knox County,461104
Tennessee,Lake County,7401
Tennessee,Lauderdale County,25989
Tennessee,Lawrence County,43390
Tennessee,Lewis County,12027
Tennessee,Lincoln County,33924
Tennessee,Loudon County,52340
Tennessee,McMinn County,53053
Tennessee,McNairy County,25844
Tennessee,Macon County,23842
Tennessee,Madison County,97625
Tennessee,Marion County,28538
Tennessee,Marshall County,32965
Tennessee,Maury County,91976
Tennessee,Meigs County,12104
Tennessee,Monroe County,46064
Tennessee,Montgomery County,200180
Tennessee,Moore County,6378
Tennessee,Morgan County,21545
Tennessee,Obion County,30365
Tennessee,Overton County,22068
Tennessee,Perry County,7962
Tennessee,Pickett County,5079
Tennessee,Polk County,16814
Tennessee,Putnam County,77447
Tennessee,Rhea County,32719
Tennessee,Roane County,53075
Tennessee,Robertson County,70280
Tennessee,Rutherford County,315815
Tennessee,Scott County,21969
Tennessee,Sequatchie County,14816
Tennessee,Sevier County,97068
Tennessee,Shelby County,936374
Tennessee,Smith County,19740
Tennessee,Stewart County,13427
Tennessee,Sullivan County,157050
Tennessee,Sumner County,183437
Tennessee,Tipton County,61447
Tennessee,Trousdale County,10231
Tennessee,Unicoi County,17811
Tennessee,Union County,19488
Tennessee,Van Buren County,5760
Tennessee,Warren County,40702
Tennessee,Washington County,127805
Tennessee,Wayne County,16693
Tennessee,Weakley County,33510
Tennessee,White County,26800
Tennessee,Williamson County,225389
Tennessee,Wilson County,136666
Texas,Anderson County,57810
Texas,Andrews County,18036
Texas,Angelina County,87322
Texas,Aransas County,24462
Texas,Archer County,8716
Texas,Armstrong County,1973
Texas,Atascosa County,49528
Texas,Austin County,29764
Texas,Bailey County,7100
Texas,Bandera County,22215
Texas,Bastrop County,84522
Texas,Baylor County,3577
Texas,Bee County,32611
Texas,Bell County,348574
Texas,Bexar County,1952843
Texas,Blanco County,11478
Texas,Borden County,613
Texas,Bosque County,18296
Texas,Bowie County,93373
Texas,Brazoria County,360677
Texas,Brazos County,222981
Texas,Brewster County,9231
Texas,Briscoe County,1457
Texas,Brooks County,7141
Texas,Brown County,37855
Texas,Burleson County,18058
Texas,Burnet County,46530
Texas,Caldwell County,42144
Texas,Calhoun County,21668
Texas,Callahan County,13856
Texas,Cameron County,421666
Texas,Camp County,12878
Texas,Carson County,6009
Texas,Cass County,30059
Texas,Castro County,7673
Texas,Chambers County,41305
Texas,Cherokee County,52118
Texas,Childress County,7253
Texas,Clay County,10403
Texas,Cochran County,2887
Texas,Coke County,3303
Texas,Coleman County,8334
Texas,Collin County,973977
Texas,Collingsworth County,2969
Texas,Colorado County,21224
Texas,Comal County,141642
Texas,Comanche County,13529
Texas,Concho County,3266
Texas,Cooke County,40041
Texas,Coryell County,75280
Texas,Cottle County,1642
Texas,Crane County,4802
Texas,Crockett County,3484
Texas,Crosby County,5836
Texas,Culberson County,2214
Texas,Dallam County,7304
Texas,Dallas County,2606868
Texas,Dawson County,12813
Texas,Deaf Smith County,18736
Texas,Delta County,5249
Texas,Denton County,833822
Texas,DeWitt County,20340
Texas,Dickens County,2203
Texas,Dimmit County,10438
Texas,Donley County,3342
Texas,Duval County,11268
Texas,Eastland County,18273
Texas,Ector County,160579
Texas,Edwards County,1918
Texas,Ellis County,173772
Texas,El Paso County,836062
Texas,Erath County,41841
Texas,Falls County,17272
Texas,Fannin County,34537
Texas,Fayette County,25141
Texas,Fisher County,3856
Texas,Floyd County,5803
Texas,Foard County,1275
Texas,Fort Bend County,765394
Texas,Franklin County,10716
Texas,Freestone County,19714
Texas,Frio County,19871
Texas,Gaines County,20706
Texas,Galveston County,332885
Texas,Garza County,6070
Texas,Gillespie County,26459
Texas,Glasscock County,1510
Texas,Goliad County,7565
Texas,Gonzales County,20731
Texas,Gray County,22410
Texas,Grayson County,131014
Texas,Gregg County,123443
Texas,Grimes County,27984
Texas,Guadalupe County,158966
Texas,Hale County,33826
Texas,Hall County,3048
Texas,Hamilton County,8332
Texas,Hansford County,5520
Texas,Hardeman County,3945
Texas,Hardin County,56765
Texas,Harris County,4646630
Texas,Harrison County,66580
Texas,Hartley County,5669
Texas,Haskell County,5726
Texas,Hays County,213366
Texas,Hemphill County,3994
Texas,Henderson County,81070
Texas,Hidalgo County,855176
Texas,Hill County,35689
Texas,Hockley County,23064
Texas,Hood County,58318
Texas,Hopkins County,36486
Texas,Houston County,22954
Texas,Howard County,36349
Texas,Hudspeth County,4415
Texas,Hunt County,94162
Texas,Hutchinson County,21344
Texas,Irion County,1620
Texas,Jack County,8852
Texas,Jackson County,14816
Texas,Jasper County,35506
Texas,Jeff Davis County,2241
Texas,Jefferson County,254340
Texas,Jim Hogg County,5231
Texas,Jim Wells County,40972
Texas,Johnson County,167212
Texas,Jones County,19943
Texas,Karnes County,15545
Texas,Kaufman County,123804
Texas,Kendall County,43769
Texas,Kenedy County,568
Texas,Kent County,647
Texas,Kerr County,51843
Texas,Kimble County,4373
Texas,King County,237
Texas,Kinney County,3659
Texas,Kleberg County,30974
Texas,Knox County,3705
Texas,Lamar County,49611
Texas,Lamb County,13123
Texas,Lampasas County,20862
Texas,La Salle County,7416
Texas,Lavaca County,20021
Texas,Lee County,17058
Texas,Leon County,17225
Texas,Liberty County,83702
Texas,Limestone County,23417
Texas,Lipscomb County,3398
Texas,Live Oak County,12139
Texas,Llano County,21047
Texas,Loving County,98
Texas,Lubbock County,304808
Texas,Lynn County,5830
Texas,McCulloch County,8057
Texas,McLennan County,251089
Texas,McMullen County,774
Texas,Madison County,14197
Texas,Marion County,10017
Texas,Martin County,5649
Texas,Mason County,4186
Texas,Matagorda County,36774
Texas,Maverick County,58174
Texas,Medina County,50057
Texas,Menard County,2119
Texas,Midland County,168167
Texas,Milam County,24770
Texas,Mills County,4889
Texas,Mitchell County,8523
Texas,Montague County,19489
Texas,Montgomery County,571949
Texas,Moore County,21399
Texas,Morris County,12373
Texas,Motley County,1252
Texas,Nacogdoches County,65339
Texas,Navarro County,48995
Texas,Newton County,13914
Texas,Nolan County,14904
Texas,Nueces County,361540
Texas,Ochiltree County,10131
Texas,Oldham County,2094
Texas,Orange County,84069
Texas,Palo Pinto County,28540
Texas,Panola County,23327
Texas,Parker County,133811
Texas,Parmer County,9718
Texas,Pecos County,15815
Texas,Polk County,48913
Texas,Potter County,119674
Texas,Presidio County,6975
Texas,Rains County,11766
Texas,Randall County,134026
Texas,Reagan County,3766
Texas,Real County,3408
Texas,Red River County,12171
Texas,Reeves County,15492
Texas,Refugio County,7145
Texas,Roberts County,805
Texas,Robertson County,16990
Texas,Rockwall County,97175
Texas,Runnels County,10277
Texas,Rusk County,53755
Texas,Sabine County,10471
Texas,San Augustine County,8286
Texas,San Jacinto County,28180
Texas,San Patricio County,67008
Texas,San Saba County,5991
Texas,Schleicher County,2983
Texas,Scurry County,17096
Texas,Shackelford County,3296
Texas,Shelby County,25349
Texas,Sherman County,3059
Texas,Smith County,227449
Texas,Somervell County,8860
Texas,Starr County,64078
Texas,Stephens County,9364
Texas,Sterling County,1231
Texas,Stonewall County,1476
Texas,Sutton County,3824
Texas,Swisher County,7432
Texas,Tarrant County,2049770
Texas,Taylor County,136870
Texas,Terrell County,896
Texas,Terry County,12528
Texas,Throckmorton County,1436
Texas,Titus County,32640
Texas,Tom Green County,117986
Texas,Travis County,1226805
Texas,Trinity County,14620
Texas,Tyler County,21518
Texas,Upshur County,41018
Texas,Upton County,3659
Texas,Uvalde County,26920
Texas,Val Verde County,48969
Texas,Van Zandt County,55103
Texas,Victoria County,92109
Texas,Walker County,72321
Texas,Waller County,51832
Texas,Ward County,11658
Texas,Washington County,35163
Texas,Webb County,273526
Texas,Wharton County,41577
Texas,Wheeler County,5338
Texas,Wichita County,131596
Texas,Wilbarger County,12833
Texas,Willacy County,21588
Texas,Williamson County,547604
Texas,Wilson County,49173
Texas,Winkler County,7867
Texas,Wise County,66290
Texas,Wood County,44366
Texas,Yoakum County,8631
Texas,Young County,18036
Texas,Zapata County,14304
Texas,Zavala County,12039
Utah,Beaver County,6517
Utah,Box Elder County,53946
Utah,Cache County,124165
Utah,Carbon County,20308
Utah,Daggett County,613
Utah,Davis County,345767
Utah,Duchesne County,20148
Utah,Emery County,10117
Utah,Garfield County,4998
Utah,Grand County,9640
Utah,Iron County,51213
Utah,Juab County,11301
Utah,Kane County,7484
Utah,Millard County,12854
Utah,Morgan County,11664
Utah,Piute County,1866
Utah,Rich County,2389
Utah,Salt Lake County,1133646
Utah,San Juan County,15302
Utah,Sanpete County,29850
Utah,Sevier County,21280
Utah,Summit County,41103
Utah,Tooele County,67397
Utah,Uintah County,36084
Utah,Utah County,605490
Utah,Wasatch County,31708
Utah,Washington County,165811
Utah,Wayne County,2689
Utah,Weber County,251498
Vermont,Addison County,36882
Vermont,Bennington County,35746
Vermont,Caledonia County,30234
Vermont,Chittenden County,162646
Vermont,Essex County,6200
Vermont,Franklin County,49116
Vermont,Grand Isle County,7022
Vermont,Lamoille County,25318
Vermont,Orange County,28908
Vermont,Orleans County,26901
Vermont,Rutland County,58892
Vermont,Washington County,58350
Vermont,Windham County,42823
Vermont,Windsor County,55275
Virginia,Accomack County,32673
Virginia,Albemarle County,107405
Virginia,Alleghany County,15157
Virginia,Amelia County,12953
Virginia,Amherst County,31775
Virginia,Appomattox County,15707
Virginia,Arlington County,233464
Virginia,Augusta County,75079
Virginia,Bath County,4307
Virginia,Bedford County,78376
Virginia,Bland County,6388
Virginia,Botetourt County,33343
Virginia,Brunswick County,16520
Virginia,Buchanan County,21788
Virginia,Buckingham County,17059
Virginia,Campbell County,55225
Virginia,Caroline County,30381
Virginia,Carroll County,29801
Virginia,Charles City County,7014
Virginia,Charlotte County,12040
Virginia,Chesterfield County,343551
Virginia,Clarke County,14423
Virginia,Craig County,5110
Virginia,Culpeper County,51101
Virginia,Cumberland County,9824
Virginia,Dickenson County,14756
Virginia,Dinwiddie County,28485
Virginia,Essex County,10998
Virginia,Fairfax County,1145862
Virginia,Fauquier County,69728
Virginia,Floyd County,15704
Virginia,Fluvanna County,26594
Virginia,Franklin County,56187
Virginia,Frederick County,86415
Virginia,Giles County,16772
Virginia,Gloucester County,37222
Virginia,Goochland County,22865
Virginia,Grayson County,15742
Virginia,Greene County,19519
Virginia,Greensville County,11525
Virginia,Halifax County,34552
Virginia,Hanover County,105537
Virginia,Henrico County,327535
Virginia,Henry County,51308
Virginia,Highland County,2204
Virginia,Isle of Wight County,36627
Virginia,James City County,74916
Virginia,King and Queen County,7042
Virginia,King George County,26229
Virginia,King William County,16688
Virginia,Lancaster County,10724
Virginia,Lee County,23948
Virginia,Loudoun County,395134
Virginia,Louisa County,36040
Virginia,Lunenburg County,12282
Virginia,Madison County,13170
Virginia,Mathews County,8788
Virginia,Mecklenburg County,30728
Virginia,Middlesex County,10675
Virginia,Montgomery County,98140
Virginia,Nelson County,14831
Virginia,New Kent County,21686
Virginia,Northampton County,11885
Virginia,Northumberland County,12190
Virginia,Nottoway County,15433
Virginia,Orange County,36010
Virginia,Page County,23788
Virginia,Patrick County,17748
Virginia,Pittsylvania County,61256
Virginia,Powhatan County,28815
Virginia,Prince Edward County,22905
Virginia,Prince George County,38114
Virginia,Prince William County,461423
Virginia,Pulaski County,34182
Virginia,Rappahannock County,7378
Virginia,Richmond County,8884
Virginia,Roanoke County,93823
Virginia,Rockbridge County,22570
Virginia,Rockingham County,80284
Virginia,Russell County,27141
Virginia,Scott County,21902
Virginia,Shenandoah County,43224
Virginia,Smyth County,30767
Virginia,Southampton County,17880
Virginia,Spotsylvania County,132833
Virginia,Stafford County,146773
Virginia,Surry County,6523
Virginia,Sussex County,11377
Virginia,Tazewell County,41603
Virginia,Warren County,39492
Virginia,Washington County,54071
Virginia,Westmoreland County,17751
Virginia,Wise County,38486
Virginia,Wythe County,28844
Virginia,York County,67982
Virginia,Alexandria city,157613
Virginia,Bristol city,16912
Virginia,Buena Vista city,6484
Virginia,Charlottesville city,47096
Virginia,Chesapeake city,239982
Virginia,Colonial Heights city,17428
Virginia,Covington city,5598
Virginia,Danville city,41070
Virginia,Emporia city,5442
Virginia,Fairfax city,23531
Virginia,Falls Church city,14128
Virginia,Franklin city,8147
Virginia,Fredericksburg city,28622
Virginia,Galax city,6517
Virginia,Hampton city,135041
Virginia,Harrisonburg city,53273
Virginia,Hopewell city,22456
Virginia,Lexington city,7241
Virginia,Lynchburg city,80569
Virginia,Manassas city,41174
Virginia,Manassas Park city,16986
Virginia,Martinsville city,12852
Virginia,Newport News city,179673
Virginia,Norfolk city,244601
Virginia,Norton city,3970
Virginia,Petersburg city,31362
Virginia,Poquoson city,12090
Virginia,Portsmouth city,95097
Virginia,Radford city,17691
Virginia,Richmond city,226622
Virginia,Roanoke city,99229
Virginia,Salem city,25317
Virginia,Staunton city,24432
Virginia,Suffolk city,90093
Virginia,Virginia Beach city,450201
Virginia,Waynesboro city,22140
Virginia,Williamsburg city,14927
Virginia,Winchester city,27897
Washington,Adams County,19594
Washington,Asotin County,22421
Washington,Benton County,197518
Washington,Chelan County,76229
Washington,Clallam County,75392
Washington,Clark County,473252
Washington,Columbia County,3992
Washington,Cowlitz County,106778
Washington,Douglas County,42023
Washington,Ferry County,7578
Washington,Franklin County,92009
Washington,Garfield County,2230
Washington,Grant County,95502
Washington,Grays Harbor County,72779
Washington,Island County,82866
Washington,Jefferson County,31285
Washington,King County,2195502
Washington,Kitsap County,265882
Washington,Kittitas County,45897
Washington,Klickitat County,21721
Washington,Lewis County,78145
Washington,Lincoln County,10574
Washington,Mason County,63804
Washington,Okanogan County,41842
Washington,Pacific County,21688
Washington,Pend Oreille County,13377
Washington,Pierce County,877013
Washington,San Juan County,16788
Washington,Skagit County,125612
Washington,Skamania County,11753
Washington,Snohomish County,798808
Washington,Spokane County,505505
Washington,Stevens County,44655
Washington,Thurston County,279711
Washington,Wahkiakum County,4268
Washington,Walla Walla County,60365
Washington,Whatcom County,220821
Washington,Whitman County,49231
Washington,Yakima County,249697
West Virginia,Barbour County,16633
West Virginia,Berkeley County,115329
West Virginia,Boone County,22368
West Virginia,Braxton County,14190
West Virginia,Brooke County,22459
West Virginia,Cabell County,94339
West Virginia,Calhoun County,7295
West Virginia,Clay County,8709
West Virginia,Doddridge County,8560
West Virginia,Fayette County,43576
West Virginia,Gilmer County,8041
West Virginia,Grant County,11616
West Virginia,Greenbrier County,35155
West Virginia,Hampshire County,23309
West Virginia,Hancock County,29383
West Virginia,Hardy County,13805
West Virginia,Harrison County,67908
West Virginia,Jackson County,28907
West Virginia,Jefferson County,56506
West Virginia,Kanawha County,183279
West Virginia,Lewis County,16166
West Virginia,Lincoln County,20850
West Virginia,Logan County,33154
West Virginia,McDowell County,18661
West Virginia,Marion County,56355
West Virginia,Marshall County,31308
West Virginia,Mason County,26820
West Virginia,Mercer County,59919
West Virginia,Mineral County,27167
West Virginia,Mingo County,24290
West Virginia,Monongalia County,105474
West Virginia,Monroe County,13401
West Virginia,Morgan County,17709
West Virginia,Nicholas County,25078
West Virginia,Ohio County,42143
West Virginia,Pendleton County,7001
West Virginia,Pleasants County,7482
West Virginia,Pocahontas County,8450
West Virginia,Preston County,33683
West Virginia,Putnam County,56610
West Virginia,Raleigh County,75252
West Virginia,Randolph County,28930
West Virginia,Ritchie County,9844
West Virginia,Roane County,14020
West Virginia,Summers County,12848
West Virginia,Taylor County,16864
West Virginia,Tucker County,6982
West Virginia,Tyler County,8811
West Virginia,Upshur County,24502
West Virginia,Wayne County,40303
West Virginia,Webster County,8386
West Virginia,Wetzel County,15436
West Virginia,Wirt County,5798
West Virginia,Wood County,84960
West Virginia,Wyoming County,21281
Wisconsin,Adams County,20094
Wisconsin,Ashland County,15617
Wisconsin,Barron County,45229
Wisconsin,Bayfield County,14993
Wisconsin,Brown County,261368
Wisconsin,Buffalo County,13126
Wisconsin,Burnett County,15289
Wisconsin,Calumet County,49928
Wisconsin,Chippewa County,63892
Wisconsin,Clark County,34579
Wisconsin,Columbia County,57133
Wisconsin,Crawford County,16235
Wisconsin,Dane County,536078
Wisconsin,Dodge County,87715
Wisconsin,Door County,27472
Wisconsin,Douglas County,43295
Wisconsin,Dunn County,44759
Wisconsin,Eau Claire County,103514
Wisconsin,Florence County,4314
Wisconsin,Fond du Lac County,102597
Wisconsin,Forest County,8995
Wisconsin,Grant County,51733
Wisconsin,Green County,36896
Wisconsin,Green Lake County,18755
Wisconsin,Iowa County,23618
Wisconsin,Iron County,5687
Wisconsin,Jackson County,20522
Wisconsin,Jefferson County,84701
Wisconsin,Juneau County,26478
Wisconsin,Kenosha County,168524
Wisconsin,Kewaunee County,20387
Wisconsin,La Crosse County,117894
Wisconsin,Lafayette County,16715
Wisconsin,Langlade County,19146
Wisconsin,Lincoln County,27744
Wisconsin,Manitowoc County,79185
Wisconsin,Marathon County,135396
Wisconsin,Marinette County,40391
Wisconsin,Marquette County,15304
Wisconsin,Menominee County,4558
Wisconsin,Milwaukee County,951226
Wisconsin,Monroe County,45771
Wisconsin,Oconto County,37646
Wisconsin,Oneida County,35381
Wisconsin,Outagamie County,185700
Wisconsin,Ozaukee County,88597
Wisconsin,Pepin County,7265
Wisconsin,Pierce County,41977
Wisconsin,Polk County,43438
Wisconsin,Portage County,70632
Wisconsin,Price County,13416
Wisconsin,Racine County,195602
Wisconsin,Richland County,17459
Wisconsin,Rock County,162152
Wisconsin,Rusk County,14132
Wisconsin,St. Croix County,88732
Wisconsin,Sauk County,63922
Wisconsin,Sawyer County,16399
Wisconsin,Shawano County,40904
Wisconsin,Sheboygan County,115178
Wisconsin,Taylor County,20325
Wisconsin,Trempealeau County,29499
Wisconsin,Vernon County,30633
Wisconsin,Vilas County,21751
Wisconsin,Walworth County,103074
Wisconsin,Washburn County,15688
Wisconsin,Washington County,134925
Wisconsin,Waukesha County,400475
Wisconsin,Waupaca County,51245
Wisconsin,Waushara County,24193
Wisconsin,Winnebago County,170411
Wisconsin,Wood County,73112
Wyoming,Albany County,38390
Wyoming,Big Horn County,11882
Wyoming,Campbell County,47409
Wyoming,Carbon County,15247
Wyoming,Converse County,13921
Wyoming,Crook County,7472
Wyoming,Fremont County,39812
Wyoming,Goshen County,13342
Wyoming,Hot Springs County,4607
Wyoming,Johnson County,8487
Wyoming,Laramie County,98320
Wyoming,Lincoln County,19274
Wyoming,Natrona County,80333
Wyoming,Niobrara County,2422
Wyoming,Park County,29148
Wyoming,Platte County,8582
Wyoming,Sheridan County,30140
Wyoming,Sublette County,9880
Wyoming,Sweetwater County,43521
Wyoming,Teton County,23280
Wyoming,Uinta County,20479
Wyoming,Washakie County,8027
Wyoming,Weston County,7049
